Game_pk,date,Park
718779,3/30/2023,Globe Life Field
718768,3/30/2023,Minute Maid Park
718769,3/30/2023,Oakland Coliseum
718773,3/30/2023,Great American Ball Park
718772,3/30/2023,Busch Stadium
718767,3/30/2023,T-Mobile Park
718776,3/30/2023,Tropicana Field
718781,3/30/2023,Yankee Stadium
718777,3/30/2023,Wrigley Field
718774,3/30/2023,loanDepot park
718775,3/30/2023,Kauffman Stadium
718782,3/30/2023,Fenway Park
718780,3/30/2023,Nationals Park
718770,3/30/2023,Dodger Stadium
718778,3/30/2023,Petco Park
718765,3/31/2023,Dodger Stadium
718766,3/31/2023,Petco Park
718763,3/31/2023,T-Mobile Park
718764,3/31/2023,Minute Maid Park
718771,3/31/2023,loanDepot park
718755,4/1/2023,loanDepot park
718749,4/1/2023,Dodger Stadium
718752,4/1/2023,Globe Life Field
718761,4/1/2023,Fenway Park
718756,4/1/2023,Great American Ball Park
718757,4/1/2023,Oakland Coliseum
718762,4/1/2023,Yankee Stadium
718753,4/1/2023,Nationals Park
718758,4/1/2023,Wrigley Field
718759,4/1/2023,Busch Stadium
718751,4/1/2023,Kauffman Stadium
718754,4/1/2023,Tropicana Field
718746,4/1/2023,T-Mobile Park
718760,4/1/2023,Minute Maid Park
718750,4/1/2023,Petco Park
718739,4/2/2023,Globe Life Field
718738,4/2/2023,Wrigley Field
718741,4/2/2023,loanDepot park
718733,4/2/2023,Petco Park
718745,4/2/2023,Kauffman Stadium
718735,4/2/2023,T-Mobile Park
718737,4/2/2023,Busch Stadium
718742,4/2/2023,Tropicana Field
718748,4/2/2023,Fenway Park
718747,4/2/2023,Yankee Stadium
718734,4/2/2023,Oakland Coliseum
718736,4/2/2023,Dodger Stadium
718740,4/2/2023,Minute Maid Park
718744,4/2/2023,Great American Ball Park
718743,4/2/2023,Nationals Park
718732,4/3/2023,Nationals Park
718730,4/3/2023,Guaranteed Rate Field
718720,4/3/2023,T-Mobile Park
718724,4/3/2023,Fenway Park
718731,4/3/2023,American Family Field
718722,4/3/2023,Petco Park
718721,4/3/2023,Oakland Coliseum
718723,4/3/2023,Minute Maid Park
718727,4/3/2023,Busch Stadium
718718,4/3/2023,Dodger Stadium
718719,4/3/2023,Kauffman Stadium
718726,4/3/2023,Globe Life Field
718728,4/3/2023,Great American Ball Park
718729,4/3/2023,loanDepot park
718725,4/3/2023,Yankee Stadium
718705,4/4/2023,Minute Maid Park
718715,4/4/2023,Nationals Park
718709,4/4/2023,Globe Life Field
718710,4/4/2023,Yankee Stadium
718706,4/4/2023,T-Mobile Park
718703,4/4/2023,Dodger Stadium
718707,4/4/2023,Oakland Coliseum
718717,4/4/2023,Petco Park
718708,4/4/2023,Kauffman Stadium
718712,4/4/2023,American Family Field
718716,4/4/2023,Great American Ball Park
718714,4/4/2023,loanDepot park
718711,4/4/2023,Busch Stadium
718713,4/4/2023,Fenway Park
718694,4/5/2023,Globe Life Field
718696,4/5/2023,Minute Maid Park
718699,4/5/2023,Yankee Stadium
718702,4/5/2023,Fenway Park
718700,4/5/2023,Great American Ball Park
718689,4/5/2023,Oakland Coliseum
718691,4/5/2023,T-Mobile Park
718692,4/5/2023,Kauffman Stadium
718698,4/5/2023,American Family Field
718704,4/5/2023,Nationals Park
718695,4/5/2023,Guaranteed Rate Field
718701,4/5/2023,loanDepot park
718697,4/5/2023,Busch Stadium
718686,4/6/2023,Kauffman Stadium
718685,4/6/2023,Citizens Bank Park
718684,4/6/2023,Target Field
718687,4/6/2023,Guaranteed Rate Field
718682,4/6/2023,Coors Field
718690,4/6/2023,Comerica Park
718683,4/6/2023,Chase Field
718681,4/6/2023,Truist Park
718693,4/6/2023,Citi Field
718688,4/6/2023,Oriole Park at Camden Yards
718693,4/7/2023,Citi Field
718677,4/7/2023,Progressive Field
718679,4/7/2023,PNC Park
718684,4/7/2023,Target Field
718674,4/7/2023,American Family Field
718673,4/7/2023,Coors Field
718676,4/7/2023,Truist Park
718688,4/7/2023,Oriole Park at Camden Yards
718671,4/7/2023,Chase Field
718678,4/7/2023,Tropicana Field
718685,4/7/2023,Citizens Bank Park
718675,4/7/2023,Wrigley Field
718670,4/7/2023,Angel Stadium
718680,4/7/2023,Oracle Park
718668,4/8/2023,Citizens Bank Park
718665,4/8/2023,Tropicana Field
718658,4/8/2023,Coors Field
718663,4/8/2023,Progressive Field
718661,4/8/2023,Citi Field
718659,4/8/2023,Truist Park
718666,4/8/2023,Target Field
718657,4/8/2023,Angel Stadium
718669,4/8/2023,Wrigley Field
718660,4/8/2023,American Family Field
718656,4/8/2023,Chase Field
718672,4/8/2023,Oracle Park
718664,4/8/2023,Oriole Park at Camden Yards
718662,4/8/2023,PNC Park
718667,4/8/2023,Comerica Park
718642,4/9/2023,Wrigley Field
718647,4/9/2023,Citi Field
718645,4/9/2023,Coors Field
718639,4/9/2023,Chase Field
718643,4/9/2023,Oracle Park
718648,4/9/2023,Truist Park
718651,4/9/2023,Oriole Park at Camden Yards
718644,4/9/2023,Angel Stadium
718653,4/9/2023,PNC Park
718652,4/9/2023,Citizens Bank Park
718649,4/9/2023,Target Field
718650,4/9/2023,American Family Field
718646,4/9/2023,Progressive Field
718654,4/9/2023,Comerica Park
718655,4/9/2023,Tropicana Field
718640,4/10/2023,Target Field
718628,4/10/2023,Wrigley Field
718630,4/10/2023,Globe Life Field
718633,4/10/2023,Citizens Bank Park
718637,4/10/2023,Progressive Field
718629,4/10/2023,Coors Field
718634,4/10/2023,Citi Field
718627,4/10/2023,Chase Field
718638,4/10/2023,Tropicana Field
718636,4/10/2023,Truist Park
718632,4/10/2023,PNC Park
718635,4/10/2023,Oriole Park at Camden Yards
718631,4/10/2023,Angel Stadium
718641,4/10/2023,Oracle Park
718615,4/11/2023,Globe Life Field
718624,4/11/2023,Oracle Park
718623,4/11/2023,PNC Park
718617,4/11/2023,Wrigley Field
718621,4/11/2023,Citi Field
718619,4/11/2023,Citizens Bank Park
718626,4/11/2023,Progressive Field
718616,4/11/2023,Target Field
718622,4/11/2023,Rogers Centre
718620,4/11/2023,Truist Park
718611,4/11/2023,Chase Field
718618,4/11/2023,Oriole Park at Camden Yards
718614,4/11/2023,Angel Stadium
718613,4/11/2023,Coors Field
718625,4/11/2023,Tropicana Field
718598,4/12/2023,Chase Field
718595,4/12/2023,Globe Life Field
718608,4/12/2023,PNC Park
718602,4/12/2023,Angel Stadium
718605,4/12/2023,Target Field
718612,4/12/2023,Oracle Park
718603,4/12/2023,Rogers Centre
718601,4/12/2023,Truist Park
718606,4/12/2023,Wrigley Field
718610,4/12/2023,Citi Field
718600,4/12/2023,Tropicana Field
718599,4/12/2023,Oriole Park at Camden Yards
718609,4/12/2023,Citizens Bank Park
718607,4/12/2023,Coors Field
718604,4/12/2023,Progressive Field
718591,4/13/2023,Busch Stadium
718590,4/13/2023,Yankee Stadium
718589,4/13/2023,Petco Park
718593,4/13/2023,Rogers Centre
718596,4/13/2023,Oriole Park at Camden Yards
718594,4/13/2023,Tropicana Field
718597,4/13/2023,Great American Ball Park
718581,4/14/2023,Minute Maid Park
718575,4/14/2023,Dodger Stadium
718592,4/14/2023,Nationals Park
718578,4/14/2023,Oakland Coliseum
718585,4/14/2023,Comerica Park
718586,4/14/2023,Great American Ball Park
718587,4/14/2023,Rogers Centre
718583,4/14/2023,Guaranteed Rate Field
718584,4/14/2023,loanDepot park
718582,4/14/2023,Busch Stadium
718588,4/14/2023,Yankee Stadium
718577,4/14/2023,T-Mobile Park
718580,4/14/2023,Fenway Park
718574,4/14/2023,Petco Park
718579,4/14/2023,Kauffman Stadium
718562,4/15/2023,Minute Maid Park
718563,4/15/2023,Kauffman Stadium
718576,4/15/2023,Fenway Park
718567,4/15/2023,loanDepot park
718566,4/15/2023,Great American Ball Park
718569,4/15/2023,Rogers Centre
718561,4/15/2023,T-Mobile Park
718570,4/15/2023,Guaranteed Rate Field
718568,4/15/2023,Busch Stadium
718565,4/15/2023,Oakland Coliseum
718573,4/15/2023,Nationals Park
718571,4/15/2023,Comerica Park
718572,4/15/2023,Yankee Stadium
718560,4/15/2023,Petco Park
718564,4/15/2023,Dodger Stadium
718559,4/16/2023,Fenway Park
718552,4/16/2023,Minute Maid Park
718553,4/16/2023,Guaranteed Rate Field
718545,4/16/2023,T-Mobile Park
718558,4/16/2023,Comerica Park
718546,4/16/2023,Oakland Coliseum
718547,4/16/2023,Dodger Stadium
718548,4/16/2023,Busch Stadium
718551,4/16/2023,Kauffman Stadium
718549,4/16/2023,Petco Park
718556,4/16/2023,Rogers Centre
718550,4/16/2023,loanDepot park
718557,4/16/2023,Yankee Stadium
718555,4/16/2023,Nationals Park
718554,4/16/2023,Great American Ball Park
718540,4/17/2023,Fenway Park
718542,4/17/2023,Great American Ball Park
718544,4/17/2023,loanDepot park
718533,4/17/2023,Petco Park
718534,4/17/2023,T-Mobile Park
718543,4/17/2023,Guaranteed Rate Field
718541,4/17/2023,Comerica Park
718536,4/17/2023,Oakland Coliseum
718538,4/17/2023,Busch Stadium
718532,4/17/2023,Dodger Stadium
718537,4/17/2023,Minute Maid Park
718535,4/17/2023,Coors Field
718539,4/17/2023,Kauffman Stadium
718541,4/18/2023,Comerica Park
718522,4/18/2023,Kauffman Stadium
718531,4/18/2023,Nationals Park
718521,4/18/2023,Coors Field
718519,4/18/2023,Petco Park
718529,4/18/2023,Yankee Stadium
718526,4/18/2023,Great American Ball Park
718543,4/18/2023,Guaranteed Rate Field
718525,4/18/2023,Guaranteed Rate Field
718520,4/18/2023,Minute Maid Park
718517,4/18/2023,T-Mobile Park
718527,4/18/2023,Busch Stadium
718530,4/18/2023,Comerica Park
718523,4/18/2023,Oakland Coliseum
718528,4/18/2023,loanDepot park
718516,4/18/2023,Dodger Stadium
718524,4/18/2023,Fenway Park
718512,4/19/2023,Busch Stadium
718511,4/19/2023,loanDepot park
718505,4/19/2023,Fenway Park
718501,4/19/2023,Minute Maid Park
718502,4/19/2023,T-Mobile Park
718515,4/19/2023,Great American Ball Park
718508,4/19/2023,Dodger Stadium
718513,4/19/2023,Comerica Park
718507,4/19/2023,Petco Park
718510,4/19/2023,Guaranteed Rate Field
718506,4/19/2023,Oakland Coliseum
718514,4/19/2023,Kauffman Stadium
718504,4/19/2023,Yankee Stadium
718518,4/19/2023,Nationals Park
718509,4/19/2023,Coors Field
718500,4/20/2023,PNC Park
718494,4/20/2023,Chase Field
718497,4/20/2023,Fenway Park
718503,4/20/2023,Oracle Park
718499,4/20/2023,Wrigley Field
718496,4/20/2023,Yankee Stadium
718498,4/20/2023,Citizens Bank Park
718485,4/21/2023,Angel Stadium
718484,4/21/2023,Chase Field
718489,4/21/2023,Truist Park
718483,4/21/2023,American Family Field
718490,4/21/2023,Globe Life Field
718492,4/21/2023,PNC Park
718481,4/21/2023,T-Mobile Park
718488,4/21/2023,Progressive Field
718493,4/21/2023,Citizens Bank Park
718495,4/21/2023,Oriole Park at Camden Yards
718482,4/21/2023,Target Field
718486,4/21/2023,Tropicana Field
718491,4/21/2023,Wrigley Field
718487,4/21/2023,Yankee Stadium
718480,4/21/2023,Oracle Park
718477,4/22/2023,Tropicana Field
718478,4/22/2023,Oracle Park
718468,4/22/2023,Target Field
718479,4/22/2023,Wrigley Field
718470,4/22/2023,American Family Field
718466,4/22/2023,Angel Stadium
718469,4/22/2023,Globe Life Field
718471,4/22/2023,Truist Park
718464,4/22/2023,T-Mobile Park
718473,4/22/2023,Progressive Field
718472,4/22/2023,Oriole Park at Camden Yards
718476,4/22/2023,Yankee Stadium
718474,4/22/2023,PNC Park
718467,4/22/2023,Chase Field
718475,4/22/2023,Citizens Bank Park
718488,4/22/2023,Progressive Field
718459,4/23/2023,Oriole Park at Camden Yards
718450,4/23/2023,T-Mobile Park
718453,4/23/2023,Globe Life Field
718463,4/23/2023,PNC Park
718457,4/23/2023,Tropicana Field
718462,4/23/2023,Truist Park
718452,4/23/2023,Angel Stadium
718454,4/23/2023,Target Field
718455,4/23/2023,Oracle Park
718458,4/23/2023,Citizens Bank Park
718456,4/23/2023,Chase Field
718461,4/23/2023,American Family Field
718451,4/23/2023,Wrigley Field
718460,4/23/2023,Progressive Field
718465,4/23/2023,Yankee Stadium
718447,4/24/2023,Oriole Park at Camden Yards
718438,4/24/2023,Chase Field
718443,4/24/2023,Truist Park
718448,4/24/2023,Progressive Field
718442,4/24/2023,Target Field
718445,4/24/2023,Great American Ball Park
718444,4/24/2023,Rogers Centre
718441,4/24/2023,American Family Field
718437,4/24/2023,Angel Stadium
718446,4/24/2023,Oracle Park
718449,4/24/2023,Tropicana Field
718428,4/25/2023,American Family Field
718432,4/25/2023,PNC Park
718434,4/25/2023,Great American Ball Park
718425,4/25/2023,Angel Stadium
718435,4/25/2023,Oriole Park at Camden Yards
718427,4/25/2023,Target Field
718422,4/25/2023,Chase Field
718433,4/25/2023,Rogers Centre
718439,4/25/2023,Oracle Park
718431,4/25/2023,Citi Field
718440,4/25/2023,Progressive Field
718430,4/25/2023,Citizens Bank Park
718426,4/25/2023,Wrigley Field
718429,4/25/2023,Truist Park
718436,4/25/2023,Tropicana Field
718413,4/26/2023,PNC Park
718416,4/26/2023,Oriole Park at Camden Yards
718423,4/26/2023,Oracle Park
718418,4/26/2023,Chase Field
718415,4/26/2023,Citizens Bank Park
718414,4/26/2023,Tropicana Field
718420,4/26/2023,Rogers Centre
718417,4/26/2023,Target Field
718412,4/26/2023,Citi Field
718411,4/26/2023,Truist Park
718408,4/26/2023,Angel Stadium
718407,4/26/2023,Wrigley Field
718421,4/26/2023,Progressive Field
718419,4/26/2023,American Family Field
718424,4/26/2023,Great American Ball Park
718397,4/27/2023,Globe Life Field
718409,4/27/2023,Oracle Park
718406,4/27/2023,Wrigley Field
718396,4/27/2023,Guaranteed Rate Field
718410,4/27/2023,Truist Park
718400,4/27/2023,Target Field
718402,4/27/2023,Angel Stadium
718404,4/27/2023,Citizens Bank Park
718398,4/27/2023,Citi Field
718403,4/27/2023,PNC Park
718405,4/27/2023,Comerica Park
718395,4/28/2023,Fenway Park
718399,4/28/2023,Nationals Park
718388,4/28/2023,Globe Life Field
718401,4/28/2023,Comerica Park
718390,4/28/2023,Coors Field
718394,4/28/2023,Citi Field
718380,4/28/2023,Oakland Coliseum
718391,4/28/2023,loanDepot park
718392,4/28/2023,Rogers Centre
718382,4/28/2023,Dodger Stadium
718393,4/28/2023,Guaranteed Rate Field
718387,4/28/2023,Target Field
718389,4/28/2023,Minute Maid Park
718386,4/28/2023,American Family Field
718374,4/29/2023,Globe Life Field
718369,4/29/2023,Dodger Stadium
718385,4/29/2023,Fenway Park
718378,4/29/2023,Target Field
718384,4/29/2023,Petco Park
718383,4/29/2023,Nationals Park
718401,4/29/2023,Comerica Park
718377,4/29/2023,Oakland Coliseum
718381,4/29/2023,Comerica Park
718379,4/29/2023,Rogers Centre
718376,4/29/2023,American Family Field
718375,4/29/2023,loanDepot park
718366,4/29/2023,Coors Field
718371,4/29/2023,Citi Field
718373,4/29/2023,Guaranteed Rate Field
718399,4/29/2023,Nationals Park
718372,4/29/2023,Minute Maid Park
718370,4/30/2023,Fenway Park
718356,4/30/2023,Globe Life Field
718364,4/30/2023,loanDepot park
718359,4/30/2023,Dodger Stadium
718363,4/30/2023,Rogers Centre
718367,4/30/2023,Nationals Park
718368,4/30/2023,Petco Park
718362,4/30/2023,Target Field
718360,4/30/2023,Comerica Park
718357,4/30/2023,Oakland Coliseum
718365,4/30/2023,American Family Field
718361,4/30/2023,Citi Field
718355,4/30/2023,Guaranteed Rate Field
718358,4/30/2023,Coors Field
718354,4/30/2023,Minute Maid Park
718345,5/1/2023,Petco Park
718353,5/1/2023,Fenway Park
718352,5/1/2023,Citi Field
718361,5/1/2023,Citi Field
718351,5/1/2023,Yankee Stadium
718343,5/1/2023,Dodger Stadium
718349,5/1/2023,Nationals Park
718350,5/1/2023,Minute Maid Park
718331,5/2/2023,Dodger Stadium
718336,5/2/2023,Kauffman Stadium
718338,5/2/2023,Busch Stadium
718344,5/2/2023,Nationals Park
718340,5/2/2023,Guaranteed Rate Field
718334,5/2/2023,Coors Field
718335,5/2/2023,Petco Park
718346,5/2/2023,loanDepot park
718347,5/2/2023,Tropicana Field
718337,5/2/2023,Minute Maid Park
718339,5/2/2023,Yankee Stadium
718341,5/2/2023,Fenway Park
718348,5/2/2023,Comerica Park
718332,5/2/2023,Oakland Coliseum
718342,5/2/2023,Globe Life Field
718319,5/3/2023,Oakland Coliseum
718329,5/3/2023,Comerica Park
718333,5/3/2023,Nationals Park
718348,5/3/2023,Comerica Park
718315,5/3/2023,Coors Field
718320,5/3/2023,Busch Stadium
718314,5/3/2023,Kauffman Stadium
718327,5/3/2023,Dodger Stadium
718323,5/3/2023,Fenway Park
718324,5/3/2023,Yankee Stadium
718330,5/3/2023,Petco Park
718321,5/3/2023,loanDepot park
718325,5/3/2023,Globe Life Field
718328,5/3/2023,Tropicana Field
718326,5/3/2023,Minute Maid Park
718322,5/3/2023,Guaranteed Rate Field
718312,5/4/2023,Kauffman Stadium
718313,5/4/2023,Coors Field
718310,5/4/2023,Guaranteed Rate Field
718317,5/4/2023,Nationals Park
718308,5/4/2023,loanDepot park
718304,5/4/2023,Oakland Coliseum
718311,5/4/2023,Busch Stadium
718318,5/4/2023,Comerica Park
718309,5/4/2023,Tropicana Field
718316,5/4/2023,Fenway Park
718296,5/5/2023,Chase Field
718305,5/5/2023,Great American Ball Park
718294,5/5/2023,Angel Stadium
718292,5/5/2023,Busch Stadium
718295,5/5/2023,Petco Park
718299,5/5/2023,Kauffman Stadium
718301,5/5/2023,Citizens Bank Park
718303,5/5/2023,Wrigley Field
718297,5/5/2023,T-Mobile Park
718307,5/5/2023,PNC Park
718300,5/5/2023,Tropicana Field
718302,5/5/2023,Citi Field
718306,5/5/2023,Progressive Field
718293,5/5/2023,Oracle Park
718298,5/5/2023,Truist Park
718280,5/6/2023,Kauffman Stadium
718281,5/6/2023,Great American Ball Park
718274,5/6/2023,T-Mobile Park
718283,5/6/2023,Truist Park
718286,5/6/2023,PNC Park
718275,5/6/2023,Angel Stadium
718279,5/6/2023,Petco Park
718287,5/6/2023,Oracle Park
718290,5/6/2023,Citi Field
718284,5/6/2023,Citizens Bank Park
718291,5/6/2023,Tropicana Field
718289,5/6/2023,Wrigley Field
718285,5/6/2023,Progressive Field
718282,5/6/2023,Chase Field
718288,5/6/2023,Busch Stadium
718271,5/7/2023,Tropicana Field
718263,5/7/2023,Chase Field
718277,5/7/2023,Truist Park
718272,5/7/2023,Busch Stadium
718273,5/7/2023,Progressive Field
718265,5/7/2023,T-Mobile Park
718268,5/7/2023,Kauffman Stadium
718264,5/7/2023,Angel Stadium
718270,5/7/2023,Citizens Bank Park
718269,5/7/2023,Wrigley Field
718267,5/7/2023,Oracle Park
718278,5/7/2023,PNC Park
718266,5/7/2023,Petco Park
718276,5/7/2023,Citi Field
718262,5/7/2023,Great American Ball Park
718255,5/8/2023,Yankee Stadium
718261,5/8/2023,Progressive Field
718249,5/8/2023,Chase Field
718256,5/8/2023,Wrigley Field
718259,5/8/2023,Oriole Park at Camden Yards
718260,5/8/2023,Oracle Park
718251,5/8/2023,T-Mobile Park
718253,5/8/2023,Kauffman Stadium
718257,5/8/2023,American Family Field
718258,5/8/2023,PNC Park
718254,5/8/2023,Angel Stadium
718236,5/9/2023,Chase Field
718247,5/9/2023,Yankee Stadium
718239,5/9/2023,T-Mobile Park
718237,5/9/2023,Angel Stadium
718241,5/9/2023,American Family Field
718248,5/9/2023,Progressive Field
718246,5/9/2023,Oriole Park at Camden Yards
718240,5/9/2023,Wrigley Field
718245,5/9/2023,Truist Park
718243,5/9/2023,Great American Ball Park
718242,5/9/2023,Target Field
718250,5/9/2023,Oracle Park
718252,5/9/2023,PNC Park
718238,5/9/2023,Kauffman Stadium
718244,5/9/2023,Citizens Bank Park
718231,5/10/2023,PNC Park
718224,5/10/2023,Target Field
718227,5/10/2023,Oriole Park at Camden Yards
718226,5/10/2023,Chase Field
718225,5/10/2023,Great American Ball Park
718233,5/10/2023,Citizens Bank Park
718234,5/10/2023,Progressive Field
718222,5/10/2023,Kauffman Stadium
718229,5/10/2023,T-Mobile Park
718230,5/10/2023,Oracle Park
718232,5/10/2023,Yankee Stadium
718221,5/10/2023,Wrigley Field
718228,5/10/2023,American Family Field
718235,5/10/2023,Angel Stadium
718220,5/10/2023,Truist Park
718223,5/11/2023,Great American Ball Park
718218,5/11/2023,Kauffman Stadium
718215,5/11/2023,Chase Field
718216,5/11/2023,Target Field
718219,5/11/2023,Yankee Stadium
718217,5/11/2023,Oakland Coliseum
718214,5/12/2023,Nationals Park
718209,5/12/2023,Target Field
718200,5/12/2023,Oakland Coliseum
718210,5/12/2023,Yankee Stadium
718204,5/12/2023,American Family Field
718213,5/12/2023,Oriole Park at Camden Yards
718208,5/12/2023,Comerica Park
718207,5/12/2023,Guaranteed Rate Field
718212,5/12/2023,loanDepot park
718211,5/12/2023,Fenway Park
718205,5/12/2023,Progressive Field
718206,5/12/2023,Rogers Centre
718199,5/12/2023,Chase Field
718202,5/12/2023,Coors Field
718201,5/12/2023,Dodger Stadium
718192,5/13/2023,Rogers Centre
718203,5/13/2023,Nationals Park
718198,5/13/2023,loanDepot park
718189,5/13/2023,Guaranteed Rate Field
718195,5/13/2023,Target Field
718184,5/13/2023,Chase Field
718188,5/13/2023,Coors Field
718190,5/13/2023,Oakland Coliseum
718194,5/13/2023,Comerica Park
718191,5/13/2023,Progressive Field
718197,5/13/2023,Yankee Stadium
718193,5/13/2023,Oriole Park at Camden Yards
718196,5/13/2023,Fenway Park
718185,5/13/2023,Dodger Stadium
718183,5/13/2023,American Family Field
718181,5/14/2023,Rogers Centre
718182,5/14/2023,Progressive Field
718177,5/14/2023,American Family Field
718180,5/14/2023,Yankee Stadium
718186,5/14/2023,Nationals Park
718173,5/14/2023,Comerica Park
718175,5/14/2023,Target Field
718176,5/14/2023,Guaranteed Rate Field
718174,5/14/2023,Coors Field
718172,5/14/2023,Oakland Coliseum
718179,5/14/2023,Oriole Park at Camden Yards
718178,5/14/2023,loanDepot park
718168,5/14/2023,Dodger Stadium
718169,5/14/2023,Chase Field
718203,5/14/2023,Nationals Park
718187,5/14/2023,Fenway Park
718170,5/15/2023,Oracle Park
718159,5/15/2023,Dodger Stadium
718167,5/15/2023,Nationals Park
718160,5/15/2023,Oakland Coliseum
718164,5/15/2023,Rogers Centre
718165,5/15/2023,Globe Life Field
718158,5/15/2023,Minute Maid Park
718161,5/15/2023,Coors Field
718163,5/15/2023,Fenway Park
718171,5/15/2023,Oriole Park at Camden Yards
718166,5/15/2023,Busch Stadium
718162,5/15/2023,Petco Park
718145,5/16/2023,Coors Field
718144,5/16/2023,Petco Park
718146,5/16/2023,Oakland Coliseum
718149,5/16/2023,Fenway Park
718141,5/16/2023,Dodger Stadium
718148,5/16/2023,Globe Life Field
718151,5/16/2023,Busch Stadium
718152,5/16/2023,Minute Maid Park
718155,5/16/2023,Comerica Park
718150,5/16/2023,Citi Field
718154,5/16/2023,Oriole Park at Camden Yards
718153,5/16/2023,loanDepot park
718156,5/16/2023,Oracle Park
718147,5/16/2023,Guaranteed Rate Field
718157,5/16/2023,Rogers Centre
718131,5/17/2023,Busch Stadium
718140,5/17/2023,Petco Park
718129,5/17/2023,Guaranteed Rate Field
718133,5/17/2023,Fenway Park
718127,5/17/2023,Minute Maid Park
718132,5/17/2023,loanDepot park
718138,5/17/2023,Coors Field
718139,5/17/2023,Oakland Coliseum
718137,5/17/2023,Oriole Park at Camden Yards
718136,5/17/2023,Dodger Stadium
718134,5/17/2023,Rogers Centre
718126,5/17/2023,Globe Life Field
718135,5/17/2023,Citi Field
718142,5/17/2023,Comerica Park
718143,5/17/2023,Oracle Park
718125,5/18/2023,Guaranteed Rate Field
718121,5/18/2023,Rogers Centre
718128,5/18/2023,Oriole Park at Camden Yards
718130,5/18/2023,loanDepot park
718122,5/18/2023,Citi Field
718124,5/18/2023,Busch Stadium
718111,5/19/2023,Guaranteed Rate Field
718110,5/19/2023,Truist Park
718115,5/19/2023,Rogers Centre
718106,5/19/2023,Angel Stadium
718119,5/19/2023,Citi Field
718123,5/19/2023,Nationals Park
718120,5/19/2023,Great American Ball Park
718113,5/19/2023,Busch Stadium
718112,5/19/2023,Minute Maid Park
718117,5/19/2023,Tropicana Field
718116,5/19/2023,Citizens Bank Park
718105,5/19/2023,Oracle Park
718107,5/19/2023,Petco Park
718118,5/19/2023,PNC Park
718114,5/19/2023,Globe Life Field
718108,5/20/2023,Nationals Park
718093,5/20/2023,Tropicana Field
718102,5/20/2023,Rogers Centre
718103,5/20/2023,Oracle Park
718097,5/20/2023,Citizens Bank Park
718094,5/20/2023,Truist Park
718098,5/20/2023,Minute Maid Park
718104,5/20/2023,Guaranteed Rate Field
718092,5/20/2023,Petco Park
718099,5/20/2023,Citi Field
718100,5/20/2023,Globe Life Field
718109,5/20/2023,Busch Stadium
718095,5/20/2023,Great American Ball Park
718101,5/20/2023,PNC Park
718096,5/20/2023,Angel Stadium
718081,5/21/2023,Tropicana Field
718076,5/21/2023,Globe Life Field
718086,5/21/2023,Minute Maid Park
718085,5/21/2023,Great American Ball Park
718079,5/21/2023,Petco Park
718099,5/21/2023,Citi Field
718090,5/21/2023,Truist Park
718084,5/21/2023,Guaranteed Rate Field
718091,5/21/2023,PNC Park
718088,5/21/2023,Citizens Bank Park
718078,5/21/2023,Oracle Park
718083,5/21/2023,Busch Stadium
718080,5/21/2023,Angel Stadium
718089,5/21/2023,Nationals Park
718082,5/21/2023,Citi Field
718087,5/21/2023,Rogers Centre
718072,5/22/2023,Progressive Field
718068,5/22/2023,American Family Field
718062,5/22/2023,T-Mobile Park
718077,5/22/2023,Tropicana Field
718070,5/22/2023,Angel Stadium
718073,5/22/2023,Citizens Bank Park
718069,5/22/2023,Coors Field
718066,5/22/2023,Kauffman Stadium
718074,5/22/2023,Truist Park
718075,5/22/2023,PNC Park
718071,5/22/2023,Great American Ball Park
718067,5/22/2023,Target Field
718059,5/23/2023,Great American Ball Park
718056,5/23/2023,American Family Field
718064,5/23/2023,Nationals Park
718055,5/23/2023,Wrigley Field
718065,5/23/2023,PNC Park
718051,5/23/2023,Coors Field
718050,5/23/2023,T-Mobile Park
718049,5/23/2023,Kauffman Stadium
718060,5/23/2023,Citizens Bank Park
718063,5/23/2023,Progressive Field
718057,5/23/2023,Truist Park
718053,5/23/2023,Angel Stadium
718061,5/23/2023,Tropicana Field
718054,5/23/2023,Target Field
718058,5/23/2023,Yankee Stadium
718043,5/24/2023,Citizens Bank Park
718048,5/24/2023,Progressive Field
718036,5/24/2023,Coors Field
718042,5/24/2023,Truist Park
718034,5/24/2023,Angel Stadium
718040,5/24/2023,Yankee Stadium
718039,5/24/2023,Kauffman Stadium
718044,5/24/2023,Tropicana Field
718041,5/24/2023,Great American Ball Park
718037,5/24/2023,T-Mobile Park
718038,5/24/2023,Wrigley Field
718052,5/24/2023,Nationals Park
718046,5/24/2023,American Family Field
718045,5/24/2023,PNC Park
718047,5/24/2023,Target Field
718030,5/25/2023,Great American Ball Park
718035,5/25/2023,Nationals Park
718033,5/25/2023,Coors Field
718032,5/25/2023,Tropicana Field
718028,5/25/2023,American Family Field
718031,5/25/2023,Comerica Park
718029,5/25/2023,Yankee Stadium
718024,5/25/2023,Wrigley Field
718026,5/25/2023,Truist Park
718025,5/25/2023,T-Mobile Park
718020,5/26/2023,Oriole Park at Camden Yards
718014,5/26/2023,Kauffman Stadium
718015,5/26/2023,Angel Stadium
718018,5/26/2023,Tropicana Field
718013,5/26/2023,Target Field
718009,5/26/2023,Oakland Coliseum
718012,5/26/2023,T-Mobile Park
718016,5/26/2023,Coors Field
718022,5/26/2023,Progressive Field
718023,5/26/2023,Yankee Stadium
718021,5/26/2023,Comerica Park
718017,5/26/2023,American Family Field
718010,5/26/2023,Chase Field
718027,5/26/2023,Wrigley Field
718019,5/26/2023,Truist Park
718000,5/27/2023,Kauffman Stadium
718011,5/27/2023,Coors Field
718007,5/27/2023,Wrigley Field
717996,5/27/2023,Progressive Field
717991,5/27/2023,Chase Field
718008,5/27/2023,Target Field
717998,5/27/2023,Angel Stadium
718001,5/27/2023,Oriole Park at Camden Yards
718004,5/27/2023,T-Mobile Park
718005,5/27/2023,Comerica Park
718003,5/27/2023,Oakland Coliseum
718006,5/27/2023,Yankee Stadium
717997,5/27/2023,Truist Park
718002,5/27/2023,Tropicana Field
717999,5/27/2023,American Family Field
717995,5/28/2023,Yankee Stadium
717993,5/28/2023,Progressive Field
717981,5/28/2023,Chase Field
717985,5/28/2023,Kauffman Stadium
717984,5/28/2023,Angel Stadium
717987,5/28/2023,Wrigley Field
717992,5/28/2023,Truist Park
717986,5/28/2023,American Family Field
717990,5/28/2023,Oriole Park at Camden Yards
717989,5/28/2023,Comerica Park
717983,5/28/2023,T-Mobile Park
717988,5/28/2023,Target Field
717982,5/28/2023,Coors Field
717994,5/28/2023,Tropicana Field
717980,5/28/2023,Oakland Coliseum
717968,5/29/2023,Minute Maid Park
717974,5/29/2023,Oriole Park at Camden Yards
717976,5/29/2023,Wrigley Field
717978,5/29/2023,Oracle Park
717975,5/29/2023,Busch Stadium
717979,5/29/2023,Comerica Park
717973,5/29/2023,Dodger Stadium
717971,5/29/2023,Guaranteed Rate Field
717977,5/29/2023,Chase Field
717970,5/29/2023,Oakland Coliseum
717969,5/29/2023,T-Mobile Park
717958,5/30/2023,Oakland Coliseum
717972,5/30/2023,Oracle Park
717961,5/30/2023,Wrigley Field
717964,5/30/2023,Comerica Park
717966,5/30/2023,Fenway Park
717967,5/30/2023,Oriole Park at Camden Yards
717962,5/30/2023,Citi Field
717952,5/30/2023,T-Mobile Park
717963,5/30/2023,loanDepot park
717965,5/30/2023,Rogers Centre
717956,5/30/2023,Minute Maid Park
717959,5/30/2023,Guaranteed Rate Field
717955,5/30/2023,Chase Field
717957,5/30/2023,Dodger Stadium
717960,5/30/2023,Busch Stadium
717953,5/31/2023,Oracle Park
717944,5/31/2023,Citi Field
717948,5/31/2023,Fenway Park
717949,5/31/2023,Oakland Coliseum
717951,5/31/2023,Comerica Park
717945,5/31/2023,loanDepot park
717946,5/31/2023,Oriole Park at Camden Yards
717950,5/31/2023,Wrigley Field
717943,5/31/2023,Guaranteed Rate Field
717940,5/31/2023,Chase Field
717939,5/31/2023,T-Mobile Park
717947,5/31/2023,Rogers Centre
717954,5/31/2023,Dodger Stadium
717938,5/31/2023,Minute Maid Park
717942,6/1/2023,Rogers Centre
717932,6/1/2023,Fenway Park
717936,6/1/2023,Minute Maid Park
717937,6/1/2023,Target Field
717941,6/1/2023,loanDepot park
717934,6/1/2023,Citi Field
717933,6/1/2023,Chase Field
717920,6/2/2023,Oracle Park
717930,6/2/2023,PNC Park
717919,6/2/2023,Chase Field
717935,6/2/2023,Nationals Park
717931,6/2/2023,Great American Ball Park
717928,6/2/2023,Fenway Park
717917,6/2/2023,Dodger Stadium
717929,6/2/2023,Citi Field
717921,6/2/2023,Petco Park
717923,6/2/2023,Kauffman Stadium
717922,6/2/2023,Globe Life Field
717927,6/2/2023,loanDepot park
717926,6/2/2023,Minute Maid Park
717924,6/2/2023,Target Field
717925,6/2/2023,Guaranteed Rate Field
717915,6/3/2023,Guaranteed Rate Field
717918,6/3/2023,Fenway Park
717910,6/3/2023,Citi Field
717911,6/3/2023,loanDepot park
717903,6/3/2023,Petco Park
717885,6/3/2023,Fenway Park
717908,6/3/2023,Minute Maid Park
717916,6/3/2023,Oracle Park
717905,6/3/2023,Dodger Stadium
717909,6/3/2023,Kauffman Stadium
717901,6/3/2023,Chase Field
717907,6/3/2023,PNC Park
717906,6/3/2023,Great American Ball Park
717912,6/3/2023,Globe Life Field
717914,6/3/2023,Nationals Park
717913,6/3/2023,Target Field
717893,6/4/2023,Kauffman Stadium
717891,6/4/2023,Guaranteed Rate Field
717900,6/4/2023,Citi Field
717894,6/4/2023,Globe Life Field
717889,6/4/2023,Petco Park
717895,6/4/2023,Target Field
717899,6/4/2023,Minute Maid Park
717904,6/4/2023,Fenway Park
717902,6/4/2023,Nationals Park
717892,6/4/2023,Chase Field
717896,6/4/2023,loanDepot park
717888,6/4/2023,Dodger Stadium
717890,6/4/2023,Oracle Park
717898,6/4/2023,PNC Park
717897,6/4/2023,Great American Ball Park
717883,6/5/2023,Great American Ball Park
717887,6/5/2023,loanDepot park
717928,6/5/2023,Fenway Park
717879,6/5/2023,Globe Life Field
717886,6/5/2023,Citizens Bank Park
717878,6/5/2023,Rogers Centre
717884,6/5/2023,PNC Park
717880,6/5/2023,Petco Park
717875,6/6/2023,Citizens Bank Park
717874,6/6/2023,PNC Park
717881,6/6/2023,Nationals Park
717867,6/6/2023,American Family Field
717870,6/6/2023,Great American Ball Park
717871,6/6/2023,Rogers Centre
717872,6/6/2023,Truist Park
717868,6/6/2023,Globe Life Field
717864,6/6/2023,Petco Park
717882,6/6/2023,Tropicana Field
717873,6/6/2023,Progressive Field
717861,6/6/2023,Angel Stadium
717869,6/6/2023,Coors Field
717876,6/6/2023,loanDepot park
717877,6/6/2023,Yankee Stadium
717858,6/7/2023,Progressive Field
717866,6/7/2023,Nationals Park
717853,6/7/2023,Great American Ball Park
717854,6/7/2023,Globe Life Field
717860,6/7/2023,loanDepot park
717855,6/7/2023,Angel Stadium
717850,6/7/2023,Truist Park
717857,6/7/2023,Yankee Stadium
717865,6/7/2023,PNC Park
717851,6/7/2023,American Family Field
717863,6/7/2023,Petco Park
717856,6/7/2023,Rogers Centre
717852,6/7/2023,Coors Field
717859,6/7/2023,Tropicana Field
717862,6/7/2023,Citizens Bank Park
717848,6/8/2023,Yankee Stadium
717845,6/8/2023,Tropicana Field
717840,6/8/2023,Truist Park
717857,6/8/2023,Yankee Stadium
717846,6/8/2023,Coors Field
717842,6/8/2023,Progressive Field
717847,6/8/2023,Nationals Park
717844,6/8/2023,Great American Ball Park
717843,6/8/2023,Rogers Centre
717838,6/8/2023,Angel Stadium
717862,6/8/2023,Citizens Bank Park
717849,6/8/2023,American Family Field
717836,6/9/2023,PNC Park
717824,6/9/2023,Angel Stadium
717837,6/9/2023,Citizens Bank Park
717831,6/9/2023,American Family Field
717828,6/9/2023,Guaranteed Rate Field
717839,6/9/2023,Oriole Park at Camden Yards
717841,6/9/2023,Yankee Stadium
717829,6/9/2023,Truist Park
717832,6/9/2023,Busch Stadium
717835,6/9/2023,Rogers Centre
717823,6/9/2023,Oracle Park
717834,6/9/2023,Comerica Park
717830,6/9/2023,Coors Field
717827,6/9/2023,Tropicana Field
717833,6/9/2023,Progressive Field
717822,6/10/2023,Rogers Centre
717816,6/10/2023,Truist Park
717812,6/10/2023,PNC Park
717820,6/10/2023,Guaranteed Rate Field
717825,6/10/2023,Yankee Stadium
717821,6/10/2023,Comerica Park
717818,6/10/2023,Oriole Park at Camden Yards
717819,6/10/2023,Coors Field
717809,6/10/2023,Angel Stadium
717826,6/10/2023,Oracle Park
717811,6/10/2023,Citizens Bank Park
717815,6/10/2023,Progressive Field
717817,6/10/2023,Busch Stadium
717814,6/10/2023,American Family Field
717813,6/10/2023,Tropicana Field
717799,6/11/2023,Angel Stadium
717804,6/11/2023,Comerica Park
717800,6/11/2023,American Family Field
717805,6/11/2023,Rogers Centre
717795,6/11/2023,Guaranteed Rate Field
717796,6/11/2023,Oracle Park
717803,6/11/2023,PNC Park
717808,6/11/2023,Oriole Park at Camden Yards
717801,6/11/2023,Tropicana Field
717810,6/11/2023,Yankee Stadium
717797,6/11/2023,Busch Stadium
717802,6/11/2023,Progressive Field
717798,6/11/2023,Coors Field
717806,6/11/2023,Citizens Bank Park
717807,6/11/2023,Truist Park
717789,6/12/2023,Oakland Coliseum
717790,6/12/2023,Comerica Park
717785,6/12/2023,Chase Field
717793,6/12/2023,Kauffman Stadium
717791,6/12/2023,Busch Stadium
717786,6/12/2023,T-Mobile Park
717792,6/12/2023,Globe Life Field
717794,6/12/2023,Fenway Park
717775,6/13/2023,Chase Field
717782,6/13/2023,Wrigley Field
717774,6/13/2023,Oakland Coliseum
717777,6/13/2023,Kauffman Stadium
717784,6/13/2023,Comerica Park
717781,6/13/2023,Busch Stadium
717787,6/13/2023,Oriole Park at Camden Yards
717780,6/13/2023,Globe Life Field
717783,6/13/2023,Target Field
717779,6/13/2023,Citi Field
717788,6/13/2023,Fenway Park
717776,6/13/2023,Dodger Stadium
717772,6/13/2023,Petco Park
717773,6/13/2023,T-Mobile Park
717778,6/13/2023,Minute Maid Park
717784,6/14/2023,Comerica Park
717771,6/14/2023,Target Field
717766,6/14/2023,Citi Field
717768,6/14/2023,Fenway Park
717763,6/14/2023,Wrigley Field
717760,6/14/2023,Dodger Stadium
717761,6/14/2023,Oakland Coliseum
717767,6/14/2023,Busch Stadium
717759,6/14/2023,T-Mobile Park
717758,6/14/2023,Petco Park
717762,6/14/2023,Minute Maid Park
717769,6/14/2023,Oriole Park at Camden Yards
717757,6/14/2023,Chase Field
717765,6/14/2023,Globe Life Field
717770,6/14/2023,Comerica Park
717764,6/14/2023,Kauffman Stadium
717751,6/15/2023,Globe Life Field
717753,6/15/2023,Oriole Park at Camden Yards
717754,6/15/2023,Truist Park
717752,6/15/2023,Target Field
717747,6/15/2023,Wrigley Field
717746,6/15/2023,Minute Maid Park
717756,6/15/2023,Oakland Coliseum
717750,6/15/2023,Petco Park
717755,6/15/2023,Chase Field
717748,6/15/2023,Dodger Stadium
717733,6/16/2023,T-Mobile Park
717738,6/16/2023,Target Field
717737,6/16/2023,Minute Maid Park
717735,6/16/2023,Oakland Coliseum
717749,6/16/2023,Nationals Park
717741,6/16/2023,Globe Life Field
717731,6/16/2023,Dodger Stadium
717732,6/16/2023,Petco Park
717743,6/16/2023,Citi Field
717745,6/16/2023,Truist Park
717744,6/16/2023,Wrigley Field
717736,6/16/2023,Kauffman Stadium
717740,6/16/2023,American Family Field
717742,6/16/2023,Fenway Park
717739,6/16/2023,Chase Field
717717,6/17/2023,Petco Park
717725,6/17/2023,Oakland Coliseum
717730,6/17/2023,Fenway Park
717729,6/17/2023,Wrigley Field
717719,6/17/2023,Chase Field
717728,6/17/2023,Target Field
717726,6/17/2023,Kauffman Stadium
717721,6/17/2023,Dodger Stadium
717720,6/17/2023,American Family Field
717723,6/17/2023,Globe Life Field
717727,6/17/2023,Minute Maid Park
717724,6/17/2023,Truist Park
717718,6/17/2023,Citi Field
717734,6/17/2023,Nationals Park
717722,6/17/2023,T-Mobile Park
717712,6/18/2023,Kauffman Stadium
717702,6/18/2023,Dodger Stadium
717705,6/18/2023,Oakland Coliseum
717715,6/18/2023,Fenway Park
717706,6/18/2023,Chase Field
717707,6/18/2023,Minute Maid Park
717730,6/18/2023,Fenway Park
717704,6/18/2023,T-Mobile Park
717716,6/18/2023,Truist Park
717703,6/18/2023,Petco Park
717710,6/18/2023,American Family Field
717709,6/18/2023,Globe Life Field
717708,6/18/2023,Wrigley Field
717714,6/18/2023,Nationals Park
717713,6/18/2023,Citi Field
717711,6/18/2023,Target Field
717695,6/19/2023,Guaranteed Rate Field
717693,6/19/2023,Target Field
717692,6/19/2023,Comerica Park
717697,6/19/2023,Oracle Park
717696,6/19/2023,American Family Field
717698,6/19/2023,PNC Park
717694,6/19/2023,Minute Maid Park
717701,6/19/2023,Great American Ball Park
717699,6/19/2023,Nationals Park
717700,6/19/2023,loanDepot park
717681,6/20/2023,Comerica Park
717679,6/20/2023,Progressive Field
717690,6/20/2023,loanDepot park
717688,6/20/2023,Oracle Park
717682,6/20/2023,Minute Maid Park
717684,6/20/2023,Yankee Stadium
717683,6/20/2023,Target Field
717689,6/20/2023,Citizens Bank Park
717685,6/20/2023,Great American Ball Park
717686,6/20/2023,PNC Park
717675,6/20/2023,Guaranteed Rate Field
717691,6/20/2023,Nationals Park
717680,6/20/2023,American Family Field
717687,6/20/2023,Tropicana Field
717678,6/20/2023,Angel Stadium
717666,6/21/2023,Yankee Stadium
717671,6/21/2023,PNC Park
717668,6/21/2023,Comerica Park
717670,6/21/2023,Minute Maid Park
717667,6/21/2023,Guaranteed Rate Field
717673,6/21/2023,Nationals Park
717674,6/21/2023,Oracle Park
717663,6/21/2023,Progressive Field
717672,6/21/2023,American Family Field
717664,6/21/2023,Citizens Bank Park
717665,6/21/2023,Target Field
717662,6/21/2023,Angel Stadium
717677,6/21/2023,Tropicana Field
717669,6/21/2023,Great American Ball Park
717676,6/21/2023,loanDepot park
717657,6/22/2023,Citizens Bank Park
717847,6/22/2023,Nationals Park
717661,6/22/2023,Oracle Park
717659,6/22/2023,Tropicana Field
717654,6/22/2023,loanDepot park
717660,6/22/2023,Progressive Field
717658,6/22/2023,Target Field
717652,6/22/2023,Yankee Stadium
717646,6/23/2023,Rogers Centre
717650,6/23/2023,Great American Ball Park
717649,6/23/2023,Tropicana Field
717655,6/23/2023,Yankee Stadium
717653,6/23/2023,loanDepot park
717647,6/23/2023,Comerica Park
717641,6/23/2023,Oracle Park
717644,6/23/2023,Coors Field
717645,6/23/2023,Guaranteed Rate Field
717648,6/23/2023,Progressive Field
717642,6/23/2023,Petco Park
717643,6/23/2023,Dodger Stadium
717656,6/23/2023,Citizens Bank Park
717651,6/23/2023,Oriole Park at Camden Yards
717631,6/24/2023,Great American Ball Park
717629,6/24/2023,Guaranteed Rate Field
717635,6/24/2023,Citizens Bank Park
717636,6/24/2023,Yankee Stadium
717628,6/24/2023,Oriole Park at Camden Yards
717626,6/24/2023,Dodger Stadium
717633,6/24/2023,Comerica Park
717639,6/24/2023,Oracle Park
717638,6/24/2023,Petco Park
717630,6/24/2023,loanDepot park
717634,6/24/2023,Rogers Centre
717625,6/24/2023,Progressive Field
717632,6/24/2023,Tropicana Field
717637,6/24/2023,Busch Stadium
717640,6/24/2023,Coors Field
717614,6/25/2023,Guaranteed Rate Field
717613,6/25/2023,Progressive Field
717612,6/25/2023,Oracle Park
717627,6/25/2023,Oriole Park at Camden Yards
717618,6/25/2023,Great American Ball Park
717615,6/25/2023,Dodger Stadium
717621,6/25/2023,Comerica Park
717617,6/25/2023,Rogers Centre
717610,6/25/2023,Petco Park
717624,6/25/2023,Citizens Bank Park
717622,6/25/2023,Yankee Stadium
717616,6/25/2023,Coors Field
717619,6/25/2023,Tropicana Field
717620,6/25/2023,loanDepot park
717623,6/25/2023,Busch Stadium
717608,6/26/2023,Angel Stadium
717602,6/26/2023,T-Mobile Park
717611,6/26/2023,Oriole Park at Camden Yards
717609,6/26/2023,Truist Park
717606,6/26/2023,Globe Life Field
717607,6/26/2023,Citi Field
717597,6/27/2023,Citi Field
717590,6/27/2023,T-Mobile Park
717598,6/27/2023,Busch Stadium
717595,6/27/2023,Oakland Coliseum
717599,6/27/2023,Globe Life Field
717596,6/27/2023,Wrigley Field
717604,6/27/2023,Rogers Centre
717593,6/27/2023,Chase Field
717594,6/27/2023,Coors Field
717591,6/27/2023,Kauffman Stadium
717603,6/27/2023,PNC Park
717605,6/27/2023,Fenway Park
717592,6/27/2023,Angel Stadium
717600,6/27/2023,Truist Park
717601,6/27/2023,Oriole Park at Camden Yards
717580,6/28/2023,Globe Life Field
717575,6/28/2023,Chase Field
717579,6/28/2023,Oakland Coliseum
717581,6/28/2023,Citi Field
717577,6/28/2023,Kauffman Stadium
717585,6/28/2023,PNC Park
717578,6/28/2023,Coors Field
717583,6/28/2023,Fenway Park
717586,6/28/2023,Rogers Centre
717587,6/28/2023,T-Mobile Park
717576,6/28/2023,Angel Stadium
717588,6/28/2023,Truist Park
717589,6/28/2023,Oriole Park at Camden Yards
717582,6/28/2023,Busch Stadium
717584,6/28/2023,Wrigley Field
717573,6/29/2023,Kauffman Stadium
717572,6/29/2023,Coors Field
717574,6/29/2023,Oakland Coliseum
717569,6/29/2023,Fenway Park
717565,6/29/2023,Citi Field
717571,6/29/2023,PNC Park
717560,6/29/2023,Angel Stadium
717567,6/29/2023,Wrigley Field
717570,6/29/2023,Globe Life Field
717568,6/29/2023,Chase Field
717566,6/29/2023,Busch Stadium
717564,6/29/2023,Rogers Centre
717554,6/30/2023,Globe Life Field
717551,6/30/2023,Oakland Coliseum
717561,6/30/2023,Oriole Park at Camden Yards
717556,6/30/2023,Citi Field
717548,6/30/2023,T-Mobile Park
717557,6/30/2023,Great American Ball Park
717563,6/30/2023,Citizens Bank Park
717559,6/30/2023,Wrigley Field
717558,6/30/2023,Truist Park
717562,6/30/2023,PNC Park
717552,6/30/2023,Coors Field
717550,6/30/2023,Busch Stadium
717555,6/30/2023,Rogers Centre
717549,6/30/2023,Angel Stadium
717553,6/30/2023,Kauffman Stadium
717533,7/1/2023,Angel Stadium
717535,7/1/2023,Citi Field
717550,7/1/2023,Busch Stadium
717541,7/1/2023,Oriole Park at Camden Yards
717538,7/1/2023,Oakland Coliseum
717544,7/1/2023,Coors Field
717543,7/1/2023,Citizens Bank Park
717547,7/1/2023,Rogers Centre
717546,7/1/2023,Wrigley Field
717536,7/1/2023,Truist Park
717542,7/1/2023,Globe Life Field
717539,7/1/2023,Great American Ball Park
717537,7/1/2023,Kauffman Stadium
717534,7/1/2023,T-Mobile Park
717540,7/1/2023,PNC Park
717545,7/1/2023,Busch Stadium
717519,7/2/2023,T-Mobile Park
717527,7/2/2023,Kauffman Stadium
717524,7/2/2023,Busch Stadium
717518,7/2/2023,Oakland Coliseum
717530,7/2/2023,Rogers Centre
717528,7/2/2023,Citizens Bank Park
717522,7/2/2023,Angel Stadium
717532,7/2/2023,Truist Park
717529,7/2/2023,Oriole Park at Camden Yards
717523,7/2/2023,Coors Field
717520,7/2/2023,Globe Life Field
717525,7/2/2023,Citi Field
717521,7/2/2023,Wrigley Field
717526,7/2/2023,Great American Ball Park
717531,7/2/2023,PNC Park
717505,7/3/2023,Petco Park
717516,7/3/2023,Oracle Park
717512,7/3/2023,Progressive Field
717513,7/3/2023,Yankee Stadium
717517,7/3/2023,Nationals Park
717515,7/3/2023,loanDepot park
717511,7/3/2023,American Family Field
717514,7/3/2023,Globe Life Field
717510,7/3/2023,Target Field
717506,7/3/2023,Dodger Stadium
717507,7/4/2023,Nationals Park
717497,7/4/2023,Petco Park
717498,7/4/2023,Chase Field
717503,7/4/2023,American Family Field
717494,7/4/2023,Comerica Park
717502,7/4/2023,loanDepot park
717499,7/4/2023,Tropicana Field
717501,7/4/2023,Fenway Park
717504,7/4/2023,Minute Maid Park
717492,7/4/2023,Dodger Stadium
717496,7/4/2023,Guaranteed Rate Field
717508,7/4/2023,Yankee Stadium
717509,7/4/2023,Oracle Park
717500,7/4/2023,Target Field
717495,7/4/2023,Progressive Field
717484,7/5/2023,Fenway Park
717483,7/5/2023,American Family Field
717486,7/5/2023,Progressive Field
717482,7/5/2023,Target Field
717491,7/5/2023,Tropicana Field
717493,7/5/2023,Nationals Park
717487,7/5/2023,Yankee Stadium
717478,7/5/2023,Petco Park
717480,7/5/2023,Guaranteed Rate Field
717489,7/5/2023,Minute Maid Park
717479,7/5/2023,Dodger Stadium
717477,7/5/2023,Chase Field
717490,7/5/2023,Oracle Park
717485,7/5/2023,Comerica Park
717488,7/5/2023,loanDepot park
717473,7/6/2023,loanDepot park
717481,7/6/2023,Nationals Park
717474,7/6/2023,American Family Field
717475,7/6/2023,Yankee Stadium
717472,7/6/2023,Tropicana Field
717470,7/6/2023,Chase Field
717467,7/6/2023,Minute Maid Park
717468,7/6/2023,Guaranteed Rate Field
717480,7/6/2023,Guaranteed Rate Field
717476,7/6/2023,Comerica Park
717462,7/6/2023,Dodger Stadium
717469,7/6/2023,Progressive Field
717471,7/6/2023,Fenway Park
717456,7/7/2023,Dodger Stadium
717465,7/7/2023,Nationals Park
717464,7/7/2023,Yankee Stadium
717453,7/7/2023,Minute Maid Park
717463,7/7/2023,Progressive Field
717461,7/7/2023,Fenway Park
717458,7/7/2023,Target Field
717459,7/7/2023,American Family Field
717448,7/7/2023,Oracle Park
717460,7/7/2023,Tropicana Field
717454,7/7/2023,Petco Park
717457,7/7/2023,Comerica Park
717455,7/7/2023,Guaranteed Rate Field
717466,7/7/2023,loanDepot park
717452,7/7/2023,Chase Field
717445,7/8/2023,Guaranteed Rate Field
717440,7/8/2023,Minute Maid Park
717439,7/8/2023,Chase Field
717444,7/8/2023,American Family Field
717441,7/8/2023,Tropicana Field
717449,7/8/2023,Fenway Park
717450,7/8/2023,Nationals Park
717437,7/8/2023,Dodger Stadium
717447,7/8/2023,Yankee Stadium
717436,7/8/2023,Petco Park
717438,7/8/2023,loanDepot park
717443,7/8/2023,Progressive Field
717451,7/8/2023,Oracle Park
717446,7/8/2023,Target Field
717442,7/8/2023,Comerica Park
717425,7/9/2023,Chase Field
717422,7/9/2023,Oracle Park
717426,7/9/2023,loanDepot park
717430,7/9/2023,Minute Maid Park
717429,7/9/2023,Tropicana Field
717428,7/9/2023,Target Field
717431,7/9/2023,Comerica Park
717423,7/9/2023,Petco Park
717433,7/9/2023,Yankee Stadium
717427,7/9/2023,American Family Field
717435,7/9/2023,Fenway Park
717432,7/9/2023,Nationals Park
717424,7/9/2023,Guaranteed Rate Field
717434,7/9/2023,Progressive Field
717410,7/14/2023,Coors Field
717415,7/14/2023,Globe Life Field
717405,7/14/2023,Angel Stadium
717411,7/14/2023,Kauffman Stadium
717414,7/14/2023,Truist Park
717417,7/14/2023,Oriole Park at Camden Yards
717420,7/14/2023,Rogers Centre
717419,7/14/2023,Wrigley Field
717416,7/14/2023,PNC Park
717412,7/14/2023,Great American Ball Park
717418,7/14/2023,Citizens Bank Park
717409,7/14/2023,Oakland Coliseum
717407,7/14/2023,Busch Stadium
717406,7/14/2023,T-Mobile Park
717413,7/14/2023,Citi Field
717407,7/15/2023,Busch Stadium
717397,7/15/2023,Citizens Bank Park
717400,7/15/2023,Citi Field
717403,7/15/2023,Wrigley Field
717394,7/15/2023,Coors Field
717392,7/15/2023,Great American Ball Park
717390,7/15/2023,T-Mobile Park
717404,7/15/2023,Rogers Centre
717399,7/15/2023,Oakland Coliseum
717398,7/15/2023,PNC Park
717401,7/15/2023,Oriole Park at Camden Yards
717389,7/15/2023,Angel Stadium
717395,7/15/2023,Truist Park
717396,7/15/2023,Busch Stadium
717393,7/15/2023,Kauffman Stadium
717408,7/15/2023,Citizens Bank Park
717402,7/15/2023,Globe Life Field
717411,7/15/2023,Kauffman Stadium
717376,7/16/2023,Wrigley Field
717382,7/16/2023,Kauffman Stadium
717387,7/16/2023,Citizens Bank Park
717377,7/16/2023,Globe Life Field
717385,7/16/2023,Citi Field
717379,7/16/2023,Oakland Coliseum
717378,7/16/2023,Coors Field
717391,7/16/2023,Truist Park
717373,7/16/2023,T-Mobile Park
717383,7/16/2023,Great American Ball Park
717381,7/16/2023,Angel Stadium
717384,7/16/2023,Oriole Park at Camden Yards
717386,7/16/2023,Rogers Centre
717388,7/16/2023,PNC Park
717380,7/16/2023,Busch Stadium
717372,7/17/2023,Oriole Park at Camden Yards
717370,7/17/2023,Wrigley Field
717375,7/17/2023,Great American Ball Park
717365,7/17/2023,T-Mobile Park
717369,7/17/2023,Angel Stadium
717366,7/17/2023,Oakland Coliseum
717367,7/17/2023,Globe Life Field
717368,7/17/2023,Kauffman Stadium
717371,7/17/2023,PNC Park
717374,7/17/2023,Busch Stadium
717358,7/18/2023,Truist Park
717356,7/18/2023,Kauffman Stadium
717361,7/18/2023,Oriole Park at Camden Yards
717350,7/18/2023,T-Mobile Park
717375,7/18/2023,Great American Ball Park
717352,7/18/2023,Angel Stadium
717354,7/18/2023,Globe Life Field
717363,7/18/2023,Citizens Bank Park
717357,7/18/2023,Busch Stadium
717355,7/18/2023,Coors Field
717353,7/18/2023,Wrigley Field
717362,7/18/2023,Rogers Centre
717360,7/18/2023,Great American Ball Park
717359,7/18/2023,Citi Field
717349,7/18/2023,Oakland Coliseum
717364,7/18/2023,PNC Park
717335,7/19/2023,T-Mobile Park
717345,7/19/2023,Coors Field
717342,7/19/2023,Great American Ball Park
717351,7/19/2023,Busch Stadium
717338,7/19/2023,Rogers Centre
717343,7/19/2023,Oriole Park at Camden Yards
717339,7/19/2023,Angel Stadium
717348,7/19/2023,PNC Park
717341,7/19/2023,Citi Field
717333,7/19/2023,Kauffman Stadium
717347,7/19/2023,Citizens Bank Park
717346,7/19/2023,Globe Life Field
717344,7/19/2023,Oakland Coliseum
717336,7/19/2023,Wrigley Field
717340,7/19/2023,Truist Park
717330,7/20/2023,Citi Field
717331,7/20/2023,Rogers Centre
717337,7/20/2023,Truist Park
717328,7/20/2023,Tropicana Field
717322,7/20/2023,Wrigley Field
717334,7/20/2023,Great American Ball Park
717323,7/20/2023,Oakland Coliseum
717329,7/20/2023,Citizens Bank Park
717327,7/20/2023,T-Mobile Park
717332,7/20/2023,Kauffman Stadium
717326,7/21/2023,Nationals Park
717312,7/21/2023,Angel Stadium
717313,7/21/2023,American Family Field
717325,7/21/2023,Wrigley Field
717310,7/21/2023,Oakland Coliseum
717320,7/21/2023,Tropicana Field
717319,7/21/2023,loanDepot park
717311,7/21/2023,T-Mobile Park
717316,7/21/2023,Globe Life Field
717315,7/21/2023,Progressive Field
717324,7/21/2023,Fenway Park
717318,7/21/2023,Yankee Stadium
717321,7/21/2023,Great American Ball Park
717317,7/21/2023,Comerica Park
717314,7/21/2023,Target Field
717300,7/22/2023,Tropicana Field
717306,7/22/2023,loanDepot park
717324,7/22/2023,Fenway Park
717307,7/22/2023,Nationals Park
717303,7/22/2023,Great American Ball Park
717299,7/22/2023,Comerica Park
717302,7/22/2023,Progressive Field
717304,7/22/2023,Yankee Stadium
717301,7/22/2023,T-Mobile Park
717305,7/22/2023,Globe Life Field
717296,7/22/2023,American Family Field
717309,7/22/2023,Fenway Park
717293,7/22/2023,Target Field
717295,7/22/2023,Oakland Coliseum
717308,7/22/2023,Wrigley Field
717297,7/22/2023,Angel Stadium
717292,7/23/2023,loanDepot park
717290,7/23/2023,Nationals Park
717287,7/23/2023,American Family Field
717294,7/23/2023,Yankee Stadium
717289,7/23/2023,Great American Ball Park
717286,7/23/2023,Wrigley Field
717291,7/23/2023,Tropicana Field
717283,7/23/2023,Progressive Field
717284,7/23/2023,Globe Life Field
717281,7/23/2023,T-Mobile Park
717278,7/23/2023,Angel Stadium
717298,7/23/2023,Fenway Park
717285,7/23/2023,Target Field
717279,7/23/2023,Oakland Coliseum
717288,7/23/2023,Comerica Park
717268,7/24/2023,Chase Field
718558,7/24/2023,Comerica Park
717280,7/24/2023,Citizens Bank Park
717282,7/24/2023,Nationals Park
717275,7/24/2023,Target Field
717276,7/24/2023,Petco Park
717274,7/24/2023,Minute Maid Park
717271,7/24/2023,Dodger Stadium
717273,7/24/2023,American Family Field
717277,7/24/2023,Progressive Field
717265,7/25/2023,Comerica Park
717264,7/25/2023,Target Field
717272,7/25/2023,Oracle Park
717255,7/25/2023,Minute Maid Park
717260,7/25/2023,Progressive Field
717256,7/25/2023,Dodger Stadium
717270,7/25/2023,Tropicana Field
717269,7/25/2023,Nationals Park
717267,7/25/2023,Citizens Bank Park
717259,7/25/2023,Chase Field
717263,7/25/2023,Guaranteed Rate Field
717266,7/25/2023,Yankee Stadium
717261,7/25/2023,Fenway Park
717262,7/25/2023,American Family Field
717258,7/25/2023,Petco Park
717250,7/26/2023,Target Field
717257,7/26/2023,Nationals Park
717251,7/26/2023,Oracle Park
717242,7/26/2023,Fenway Park
717248,7/26/2023,Yankee Stadium
717247,7/26/2023,Comerica Park
717253,7/26/2023,Dodger Stadium
717239,7/26/2023,Minute Maid Park
717240,7/26/2023,Guaranteed Rate Field
717245,7/26/2023,Citizens Bank Park
717246,7/26/2023,Petco Park
717249,7/26/2023,Progressive Field
717244,7/26/2023,Chase Field
717254,7/26/2023,American Family Field
717252,7/26/2023,Tropicana Field
717247,7/27/2023,Comerica Park
717241,7/27/2023,Citi Field
717238,7/27/2023,Busch Stadium
717233,7/27/2023,Guaranteed Rate Field
717243,7/27/2023,Comerica Park
717229,7/28/2023,Minute Maid Park
717227,7/28/2023,Coors Field
717230,7/28/2023,Citi Field
717234,7/28/2023,PNC Park
717225,7/28/2023,Dodger Stadium
717220,7/28/2023,Oracle Park
717226,7/28/2023,Busch Stadium
717223,7/28/2023,Chase Field
717228,7/28/2023,Guaranteed Rate Field
717235,7/28/2023,Rogers Centre
717231,7/28/2023,Truist Park
717237,7/28/2023,Oriole Park at Camden Yards
717236,7/28/2023,loanDepot park
717232,7/28/2023,Kauffman Stadium
717224,7/28/2023,Petco Park
717222,7/29/2023,Rogers Centre
717217,7/29/2023,Guaranteed Rate Field
717214,7/29/2023,Minute Maid Park
717212,7/29/2023,Coors Field
717213,7/29/2023,Busch Stadium
717210,7/29/2023,Chase Field
717218,7/29/2023,loanDepot park
717211,7/29/2023,Truist Park
717207,7/29/2023,Kauffman Stadium
717209,7/29/2023,Petco Park
717221,7/29/2023,Oracle Park
717219,7/29/2023,Oriole Park at Camden Yards
717205,7/29/2023,Dodger Stadium
717216,7/29/2023,PNC Park
717215,7/29/2023,Citi Field
717206,7/30/2023,Truist Park
717193,7/30/2023,Chase Field
717199,7/30/2023,Coors Field
717197,7/30/2023,Oracle Park
717204,7/30/2023,Guaranteed Rate Field
717208,7/30/2023,PNC Park
717200,7/30/2023,Oriole Park at Camden Yards
717198,7/30/2023,Kauffman Stadium
717191,7/30/2023,Petco Park
717201,7/30/2023,Rogers Centre
717196,7/30/2023,Minute Maid Park
717202,7/30/2023,loanDepot park
717195,7/30/2023,Busch Stadium
717203,7/30/2023,Citi Field
717194,7/30/2023,Dodger Stadium
717187,7/31/2023,Truist Park
717190,7/31/2023,Oracle Park
717188,7/31/2023,Wrigley Field
717184,7/31/2023,Minute Maid Park
717189,7/31/2023,loanDepot park
717185,7/31/2023,Yankee Stadium
717186,7/31/2023,Rogers Centre
717179,7/31/2023,Coors Field
717181,7/31/2023,T-Mobile Park
717192,7/31/2023,Nationals Park
717174,8/1/2023,Busch Stadium
717182,8/1/2023,loanDepot park
717183,8/1/2023,Nationals Park
717172,8/1/2023,Minute Maid Park
717180,8/1/2023,Oracle Park
717168,8/1/2023,Globe Life Field
717171,8/1/2023,Dodger Stadium
717177,8/1/2023,Rogers Centre
717167,8/1/2023,T-Mobile Park
717176,8/1/2023,Truist Park
717170,8/1/2023,Kauffman Stadium
717178,8/1/2023,PNC Park
717173,8/1/2023,Wrigley Field
717175,8/1/2023,Yankee Stadium
717169,8/1/2023,Coors Field
717157,8/2/2023,Rogers Centre
717163,8/2/2023,Minute Maid Park
717152,8/2/2023,Globe Life Field
717156,8/2/2023,Kauffman Stadium
717164,8/2/2023,Oracle Park
717155,8/2/2023,Busch Stadium
717158,8/2/2023,Coors Field
717153,8/2/2023,Wrigley Field
717161,8/2/2023,T-Mobile Park
717160,8/2/2023,Yankee Stadium
717159,8/2/2023,loanDepot park
717162,8/2/2023,Nationals Park
717154,8/2/2023,Dodger Stadium
717166,8/2/2023,PNC Park
717165,8/2/2023,Truist Park
717150,8/3/2023,Rogers Centre
717148,8/3/2023,Kauffman Stadium
717144,8/3/2023,Angel Stadium
717142,8/3/2023,Yankee Stadium
717143,8/3/2023,American Family Field
717149,8/3/2023,Globe Life Field
717147,8/3/2023,loanDepot park
717151,8/3/2023,Oracle Park
717137,8/3/2023,Dodger Stadium
717145,8/3/2023,Busch Stadium
717146,8/3/2023,Wrigley Field
717141,8/4/2023,Wrigley Field
717132,8/4/2023,Progressive Field
717140,8/4/2023,Citizens Bank Park
717129,8/4/2023,Petco Park
717133,8/4/2023,Globe Life Field
717127,8/4/2023,Busch Stadium
717134,8/4/2023,Oriole Park at Camden Yards
717131,8/4/2023,American Family Field
717136,8/4/2023,Fenway Park
717130,8/4/2023,Angel Stadium
717135,8/4/2023,Comerica Park
717139,8/4/2023,Great American Ball Park
717138,8/4/2023,Yankee Stadium
717128,8/4/2023,Target Field
717120,8/5/2023,Great American Ball Park
717116,8/5/2023,American Family Field
717117,8/5/2023,Oakland Coliseum
717109,8/5/2023,Angel Stadium
717125,8/5/2023,Fenway Park
717112,8/5/2023,Petco Park
717124,8/5/2023,Globe Life Field
717121,8/5/2023,Wrigley Field
717115,8/5/2023,Progressive Field
717114,8/5/2023,Oriole Park at Camden Yards
717123,8/5/2023,Citizens Bank Park
717126,8/5/2023,Yankee Stadium
717119,8/5/2023,Busch Stadium
717118,8/5/2023,Target Field
717122,8/5/2023,Comerica Park
717108,8/6/2023,Progressive Field
717111,8/6/2023,Fenway Park
717103,8/6/2023,Comerica Park
717110,8/6/2023,Yankee Stadium
717104,8/6/2023,Great American Ball Park
717093,8/6/2023,Petco Park
717107,8/6/2023,Oriole Park at Camden Yards
717099,8/6/2023,Busch Stadium
717101,8/6/2023,Angel Stadium
717102,8/6/2023,Globe Life Field
717098,8/6/2023,Wrigley Field
717113,8/6/2023,Citizens Bank Park
717106,8/6/2023,Target Field
717100,8/6/2023,Oakland Coliseum
717105,8/6/2023,American Family Field
717094,8/7/2023,Petco Park
717095,8/7/2023,PNC Park
717088,8/7/2023,Guaranteed Rate Field
717097,8/7/2023,Great American Ball Park
717086,8/7/2023,American Family Field
717091,8/7/2023,Comerica Park
717081,8/7/2023,Oakland Coliseum
717096,8/7/2023,Citizens Bank Park
717087,8/7/2023,Progressive Field
717092,8/7/2023,Citi Field
717090,8/7/2023,Angel Stadium
717089,8/7/2023,Fenway Park
717075,8/8/2023,Guaranteed Rate Field
717076,8/8/2023,Comerica Park
717082,8/8/2023,Citizens Bank Park
717084,8/8/2023,Oriole Park at Camden Yards
717083,8/8/2023,Great American Ball Park
717079,8/8/2023,PNC Park
717078,8/8/2023,American Family Field
717077,8/8/2023,Fenway Park
717068,8/8/2023,Angel Stadium
717080,8/8/2023,Citi Field
717085,8/8/2023,Tropicana Field
717074,8/8/2023,Progressive Field
717072,8/8/2023,T-Mobile Park
717069,8/8/2023,Oakland Coliseum
717073,8/8/2023,Chase Field
717071,8/9/2023,Angel Stadium
717065,8/9/2023,American Family Field
717055,8/9/2023,T-Mobile Park
717063,8/9/2023,Oakland Coliseum
717061,8/9/2023,Comerica Park
717067,8/9/2023,Oriole Park at Camden Yards
717062,8/9/2023,Citi Field
717058,8/9/2023,PNC Park
717057,8/9/2023,Chase Field
717054,8/9/2023,Guaranteed Rate Field
717060,8/9/2023,Progressive Field
717066,8/9/2023,Citizens Bank Park
717070,8/9/2023,Great American Ball Park
717059,8/9/2023,Fenway Park
717064,8/9/2023,Tropicana Field
717052,8/10/2023,Progressive Field
717049,8/10/2023,Citizens Bank Park
717050,8/10/2023,Comerica Park
717048,8/10/2023,Tropicana Field
717045,8/10/2023,Dodger Stadium
717056,8/10/2023,PNC Park
717053,8/10/2023,Oriole Park at Camden Yards
717051,8/10/2023,Fenway Park
717047,8/11/2023,loanDepot park
717042,8/11/2023,Fenway Park
717038,8/11/2023,Tropicana Field
717037,8/11/2023,Minute Maid Park
717046,8/11/2023,PNC Park
717035,8/11/2023,Chase Field
717043,8/11/2023,Nationals Park
717040,8/11/2023,Citi Field
717044,8/11/2023,Citizens Bank Park
717041,8/11/2023,Rogers Centre
717039,8/11/2023,Kauffman Stadium
717034,8/11/2023,T-Mobile Park
717031,8/11/2023,Oracle Park
717036,8/11/2023,Guaranteed Rate Field
717032,8/11/2023,Dodger Stadium
717020,8/12/2023,Chase Field
717022,8/12/2023,Minute Maid Park
717033,8/12/2023,Fenway Park
717023,8/12/2023,Guaranteed Rate Field
717024,8/12/2023,Tropicana Field
717025,8/12/2023,loanDepot park
717028,8/12/2023,Citizens Bank Park
717026,8/12/2023,Rogers Centre
717029,8/12/2023,Oracle Park
717019,8/12/2023,Kauffman Stadium
717030,8/12/2023,Nationals Park
718371,8/12/2023,Citi Field
717021,8/12/2023,Citi Field
717017,8/12/2023,Dodger Stadium
717018,8/12/2023,T-Mobile Park
717027,8/12/2023,PNC Park
717010,8/13/2023,Tropicana Field
717015,8/13/2023,PNC Park
717005,8/13/2023,T-Mobile Park
717006,8/13/2023,Guaranteed Rate Field
717009,8/13/2023,Citizens Bank Park
717004,8/13/2023,Minute Maid Park
717007,8/13/2023,Dodger Stadium
717012,8/13/2023,Rogers Centre
717008,8/13/2023,Oracle Park
717003,8/13/2023,Chase Field
717011,8/13/2023,loanDepot park
717016,8/13/2023,Nationals Park
717013,8/13/2023,Citi Field
717014,8/13/2023,Fenway Park
716994,8/14/2023,Kauffman Stadium
716999,8/14/2023,Oracle Park
717001,8/14/2023,Truist Park
717000,8/14/2023,loanDepot park
716997,8/14/2023,Globe Life Field
716996,8/14/2023,Petco Park
717002,8/14/2023,Citi Field
716995,8/14/2023,Busch Stadium
716998,8/14/2023,Coors Field
716980,8/15/2023,Petco Park
716985,8/15/2023,Globe Life Field
716989,8/15/2023,Oracle Park
716992,8/15/2023,Great American Ball Park
716978,8/15/2023,Coors Field
716990,8/15/2023,Rogers Centre
716993,8/15/2023,Nationals Park
716979,8/15/2023,Dodger Stadium
716981,8/15/2023,Kauffman Stadium
716984,8/15/2023,Busch Stadium
716986,8/15/2023,Wrigley Field
716991,8/15/2023,loanDepot park
716988,8/15/2023,Citi Field
716983,8/15/2023,Target Field
716987,8/15/2023,Truist Park
716976,8/16/2023,Target Field
716962,8/16/2023,Dodger Stadium
716965,8/16/2023,Petco Park
716963,8/16/2023,Kauffman Stadium
716973,8/16/2023,Great American Ball Park
716974,8/16/2023,Citi Field
716967,8/16/2023,Rogers Centre
716969,8/16/2023,Busch Stadium
716971,8/16/2023,Globe Life Field
716972,8/16/2023,loanDepot park
716970,8/16/2023,Truist Park
716975,8/16/2023,Oracle Park
716977,8/16/2023,Coors Field
716968,8/16/2023,Wrigley Field
716982,8/16/2023,Nationals Park
716957,8/17/2023,Petco Park
716964,8/17/2023,Kauffman Stadium
716959,8/17/2023,Progressive Field
716966,8/17/2023,Nationals Park
716961,8/17/2023,Dodger Stadium
716958,8/17/2023,Busch Stadium
716955,8/18/2023,Wrigley Field
716953,8/18/2023,Yankee Stadium
716947,8/18/2023,Coors Field
716945,8/18/2023,Angel Stadium
716948,8/18/2023,Minute Maid Park
716954,8/18/2023,Great American Ball Park
716942,8/18/2023,Petco Park
716946,8/18/2023,Dodger Stadium
716952,8/18/2023,Busch Stadium
716950,8/18/2023,Globe Life Field
716951,8/18/2023,Target Field
716960,8/18/2023,Nationals Park
716949,8/18/2023,Truist Park
716944,8/18/2023,Oakland Coliseum
716956,8/18/2023,Progressive Field
716933,8/19/2023,Coors Field
716941,8/19/2023,Nationals Park
716943,8/19/2023,Yankee Stadium
716931,8/19/2023,Petco Park
716934,8/19/2023,Truist Park
716938,8/19/2023,Globe Life Field
716940,8/19/2023,Busch Stadium
716937,8/19/2023,Wrigley Field
716935,8/19/2023,Great American Ball Park
716930,8/19/2023,Oakland Coliseum
716936,8/19/2023,Target Field
716925,8/19/2023,Angel Stadium
716932,8/19/2023,Minute Maid Park
716926,8/19/2023,Dodger Stadium
716939,8/19/2023,Progressive Field
716918,8/20/2023,Globe Life Field
716923,8/20/2023,Target Field
716916,8/20/2023,Coors Field
716915,8/20/2023,Angel Stadium
716924,8/20/2023,Great American Ball Park
716919,8/20/2023,Petco Park
716929,8/20/2023,Nationals Park
716927,8/20/2023,Truist Park
716914,8/20/2023,Oakland Coliseum
716917,8/20/2023,Wrigley Field
716909,8/20/2023,Dodger Stadium
716928,8/20/2023,Yankee Stadium
716922,8/20/2023,Progressive Field
716921,8/20/2023,Busch Stadium
716920,8/20/2023,Minute Maid Park
716910,8/21/2023,Truist Park
716906,8/21/2023,Chase Field
716904,8/21/2023,Oakland Coliseum
716908,8/21/2023,Minute Maid Park
716911,8/21/2023,Citizens Bank Park
716903,8/21/2023,Angel Stadium
716907,8/21/2023,Petco Park
716905,8/21/2023,Guaranteed Rate Field
716913,8/21/2023,Comerica Park
716912,8/21/2023,PNC Park
716894,8/22/2023,American Family Field
716892,8/22/2023,Angel Stadium
716888,8/22/2023,Oakland Coliseum
716900,8/22/2023,Yankee Stadium
716902,8/22/2023,Oriole Park at Camden Yards
716895,8/22/2023,Minute Maid Park
716901,8/22/2023,PNC Park
716897,8/22/2023,Progressive Field
716896,8/22/2023,Comerica Park
716887,8/22/2023,Petco Park
716898,8/22/2023,Tropicana Field
716899,8/22/2023,Citizens Bank Park
716889,8/22/2023,Chase Field
716891,8/22/2023,Truist Park
716893,8/22/2023,Guaranteed Rate Field
716875,8/23/2023,Progressive Field
716884,8/23/2023,Oakland Coliseum
716886,8/23/2023,PNC Park
716874,8/23/2023,Oriole Park at Camden Yards
716880,8/23/2023,Tropicana Field
716879,8/23/2023,Citizens Bank Park
716885,8/23/2023,Comerica Park
716882,8/23/2023,American Family Field
716876,8/23/2023,Truist Park
716881,8/23/2023,Guaranteed Rate Field
716890,8/23/2023,Angel Stadium
716883,8/23/2023,Petco Park
716877,8/23/2023,Yankee Stadium
716878,8/23/2023,Minute Maid Park
716872,8/24/2023,Yankee Stadium
716871,8/24/2023,Progressive Field
716867,8/24/2023,Target Field
716870,8/24/2023,PNC Park
716865,8/24/2023,Oriole Park at Camden Yards
716864,8/24/2023,Guaranteed Rate Field
716868,8/24/2023,Chase Field
716873,8/24/2023,Minute Maid Park
716869,8/24/2023,Tropicana Field
716857,8/25/2023,American Family Field
716856,8/25/2023,Guaranteed Rate Field
716862,8/25/2023,PNC Park
716863,8/25/2023,loanDepot park
716859,8/25/2023,Oriole Park at Camden Yards
716858,8/25/2023,Comerica Park
716855,8/25/2023,Citi Field
716850,8/25/2023,Target Field
716852,8/25/2023,Oracle Park
716851,8/25/2023,Chase Field
716854,8/25/2023,Tropicana Field
716866,8/25/2023,Fenway Park
716860,8/25/2023,Rogers Centre
716853,8/25/2023,T-Mobile Park
716861,8/25/2023,Citizens Bank Park
716838,8/26/2023,American Family Field
716839,8/26/2023,Target Field
716848,8/26/2023,Oracle Park
716846,8/26/2023,Rogers Centre
716833,8/26/2023,Chase Field
716845,8/26/2023,Tropicana Field
716837,8/26/2023,Oriole Park at Camden Yards
716832,8/26/2023,T-Mobile Park
716843,8/26/2023,Comerica Park
716841,8/26/2023,Guaranteed Rate Field
716847,8/26/2023,Citizens Bank Park
716842,8/26/2023,PNC Park
716844,8/26/2023,loanDepot park
716849,8/26/2023,Fenway Park
716840,8/26/2023,Citi Field
716834,8/27/2023,PNC Park
716820,8/27/2023,T-Mobile Park
716825,8/27/2023,Rogers Centre
716824,8/27/2023,Target Field
716831,8/27/2023,Fenway Park
716827,8/27/2023,loanDepot park
716829,8/27/2023,Citi Field
716836,8/27/2023,Oriole Park at Camden Yards
716822,8/27/2023,American Family Field
716830,8/27/2023,Comerica Park
716821,8/27/2023,Chase Field
716826,8/27/2023,Guaranteed Rate Field
716835,8/27/2023,Citizens Bank Park
716819,8/27/2023,Oracle Park
716828,8/27/2023,Tropicana Field
716805,8/28/2023,Dodger Stadium
716816,8/28/2023,Rogers Centre
716815,8/28/2023,Oriole Park at Camden Yards
716814,8/28/2023,Fenway Park
716809,8/28/2023,Busch Stadium
716817,8/28/2023,Citizens Bank Park
716808,8/28/2023,Comerica Park
716811,8/28/2023,Kauffman Stadium
716804,8/28/2023,T-Mobile Park
716823,8/28/2023,Oracle Park
716812,8/28/2023,Coors Field
716813,8/28/2023,Target Field
716818,8/28/2023,Citi Field
716810,8/28/2023,Wrigley Field
716806,8/29/2023,Citizens Bank Park
716802,8/29/2023,Fenway Park
716790,8/29/2023,T-Mobile Park
716791,8/29/2023,Coors Field
716801,8/29/2023,Rogers Centre
716796,8/29/2023,Target Field
716800,8/29/2023,Oriole Park at Camden Yards
716797,8/29/2023,Busch Stadium
716803,8/29/2023,Oracle Park
716795,8/29/2023,Comerica Park
716799,8/29/2023,Citi Field
716798,8/29/2023,Wrigley Field
716793,8/29/2023,Kauffman Stadium
716792,8/29/2023,Dodger Stadium
716807,8/29/2023,loanDepot park
716774,8/30/2023,Dodger Stadium
716773,8/30/2023,Coors Field
716789,8/30/2023,Oracle Park
716778,8/30/2023,loanDepot park
716781,8/30/2023,Comerica Park
716785,8/30/2023,Rogers Centre
716780,8/30/2023,Kauffman Stadium
716787,8/30/2023,Citizens Bank Park
716794,8/30/2023,Fenway Park
716782,8/30/2023,Busch Stadium
716783,8/30/2023,Citi Field
716788,8/30/2023,T-Mobile Park
716786,8/30/2023,Oriole Park at Camden Yards
716779,8/30/2023,Wrigley Field
716784,8/30/2023,Target Field
716777,8/31/2023,Petco Park
716768,8/31/2023,Dodger Stadium
716775,8/31/2023,Comerica Park
716776,8/31/2023,Nationals Park
716767,9/1/2023,Progressive Field
716765,9/1/2023,American Family Field
716770,9/1/2023,Great American Ball Park
716757,9/1/2023,Dodger Stadium
716771,9/1/2023,Nationals Park
716762,9/1/2023,Guaranteed Rate Field
716763,9/1/2023,Minute Maid Park
716761,9/1/2023,Petco Park
716772,9/1/2023,Globe Life Field
718700,9/1/2023,Great American Ball Park
716769,9/1/2023,Citi Field
716758,9/1/2023,Oakland Coliseum
716766,9/1/2023,Busch Stadium
716759,9/1/2023,Coors Field
716756,9/1/2023,Chase Field
716764,9/1/2023,Kauffman Stadium
716750,9/2/2023,Kauffman Stadium
716760,9/2/2023,Nationals Park
716749,9/2/2023,Guaranteed Rate Field
716744,9/2/2023,Busch Stadium
716741,9/2/2023,Dodger Stadium
716753,9/2/2023,Great American Ball Park
716746,9/2/2023,Minute Maid Park
716747,9/2/2023,Chase Field
716745,9/2/2023,American Family Field
716755,9/2/2023,Oakland Coliseum
716751,9/2/2023,Citi Field
716752,9/2/2023,Globe Life Field
716748,9/2/2023,Coors Field
716743,9/2/2023,Petco Park
716754,9/2/2023,Progressive Field
716728,9/3/2023,Petco Park
716733,9/3/2023,Busch Stadium
716735,9/3/2023,Minute Maid Park
716739,9/3/2023,Kauffman Stadium
716742,9/3/2023,Citi Field
716729,9/3/2023,Progressive Field
716734,9/3/2023,Guaranteed Rate Field
716738,9/3/2023,Great American Ball Park
716731,9/3/2023,Oakland Coliseum
716730,9/3/2023,Coors Field
716725,9/3/2023,Dodger Stadium
716737,9/3/2023,Globe Life Field
716740,9/3/2023,Nationals Park
716736,9/3/2023,American Family Field
716732,9/3/2023,Chase Field
716722,9/4/2023,Tropicana Field
716718,9/4/2023,PNC Park
716721,9/4/2023,Chase Field
716719,9/4/2023,Progressive Field
716720,9/4/2023,Petco Park
716724,9/4/2023,Globe Life Field
716727,9/4/2023,Great American Ball Park
716681,9/4/2023,Kauffman Stadium
716713,9/4/2023,Angel Stadium
716723,9/4/2023,Wrigley Field
716726,9/4/2023,Oakland Coliseum
716716,9/5/2023,Tropicana Field
716704,9/5/2023,Kauffman Stadium
716702,9/5/2023,Chase Field
716710,9/5/2023,loanDepot park
716705,9/5/2023,Globe Life Field
716717,9/5/2023,Progressive Field
716703,9/5/2023,Petco Park
716707,9/5/2023,Oakland Coliseum
716714,9/5/2023,PNC Park
716715,9/5/2023,Nationals Park
716711,9/5/2023,Yankee Stadium
716709,9/5/2023,Truist Park
716712,9/5/2023,Great American Ball Park
716706,9/5/2023,Angel Stadium
716708,9/5/2023,Wrigley Field
716699,9/6/2023,Wrigley Field
716695,9/6/2023,loanDepot park
716690,9/6/2023,Angel Stadium
716696,9/6/2023,Tropicana Field
716689,9/6/2023,Truist Park
716692,9/6/2023,Chase Field
716687,9/6/2023,Globe Life Field
716701,9/6/2023,Nationals Park
716694,9/6/2023,Yankee Stadium
716700,9/6/2023,Progressive Field
716691,9/6/2023,Petco Park
716693,9/6/2023,Great American Ball Park
716697,9/6/2023,PNC Park
716698,9/6/2023,Oakland Coliseum
716688,9/6/2023,Kauffman Stadium
716684,9/7/2023,Angel Stadium
716680,9/7/2023,Truist Park
716682,9/7/2023,loanDepot park
716686,9/7/2023,Yankee Stadium
716685,9/7/2023,Wrigley Field
716683,9/7/2023,Tropicana Field
716676,9/8/2023,Nationals Park
716678,9/8/2023,Wrigley Field
716665,9/8/2023,Globe Life Field
716672,9/8/2023,Fenway Park
716669,9/8/2023,Minute Maid Park
716675,9/8/2023,Comerica Park
716674,9/8/2023,Truist Park
716670,9/8/2023,Yankee Stadium
716671,9/8/2023,Tropicana Field
716668,9/8/2023,Oracle Park
716679,9/8/2023,Citizens Bank Park
716677,9/8/2023,Great American Ball Park
716667,9/8/2023,Angel Stadium
716673,9/8/2023,Rogers Centre
716666,9/8/2023,Target Field
716654,9/9/2023,Target Field
716649,9/9/2023,Minute Maid Park
716663,9/9/2023,Oracle Park
716661,9/9/2023,Rogers Centre
716655,9/9/2023,Great American Ball Park
716653,9/9/2023,Citizens Bank Park
716656,9/9/2023,Tropicana Field
716650,9/9/2023,Angel Stadium
716659,9/9/2023,Yankee Stadium
716664,9/9/2023,Fenway Park
716657,9/9/2023,Globe Life Field
716662,9/9/2023,Nationals Park
716660,9/9/2023,Wrigley Field
716651,9/9/2023,Truist Park
716658,9/9/2023,Comerica Park
716633,9/10/2023,Angel Stadium
716643,9/10/2023,Citizens Bank Park
716648,9/10/2023,Comerica Park
716642,9/10/2023,Great American Ball Park
716640,9/10/2023,Minute Maid Park
716639,9/10/2023,Target Field
716644,9/10/2023,Truist Park
716645,9/10/2023,Tropicana Field
716652,9/10/2023,Fenway Park
716646,9/10/2023,Yankee Stadium
716641,9/10/2023,Rogers Centre
716638,9/10/2023,Wrigley Field
716637,9/10/2023,Globe Life Field
716634,9/10/2023,Oracle Park
716647,9/10/2023,Nationals Park
716623,9/11/2023,T-Mobile Park
716626,9/11/2023,American Family Field
717664,9/11/2023,Citizens Bank Park
716590,9/11/2023,Citizens Bank Park
716635,9/11/2023,PNC Park
716622,9/11/2023,Dodger Stadium
716630,9/11/2023,Rogers Centre
716629,9/11/2023,Target Field
716628,9/11/2023,Fenway Park
716632,9/11/2023,Oracle Park
716636,9/11/2023,Oriole Park at Camden Yards
716627,9/11/2023,Citi Field
716624,9/11/2023,Minute Maid Park
716631,9/11/2023,Guaranteed Rate Field
716625,9/11/2023,Coors Field
716612,9/12/2023,Fenway Park
716613,9/12/2023,Target Field
716614,9/12/2023,Minute Maid Park
716620,9/12/2023,PNC Park
716611,9/12/2023,Guaranteed Rate Field
716615,9/12/2023,Citi Field
716610,9/12/2023,American Family Field
716606,9/12/2023,T-Mobile Park
716618,9/12/2023,Citizens Bank Park
716617,9/12/2023,Comerica Park
716608,9/12/2023,Dodger Stadium
716616,9/12/2023,Rogers Centre
716621,9/12/2023,Oriole Park at Camden Yards
716609,9/12/2023,Coors Field
716619,9/12/2023,Oracle Park
716604,9/13/2023,Oriole Park at Camden Yards
716603,9/13/2023,Citizens Bank Park
716602,9/13/2023,T-Mobile Park
716600,9/13/2023,PNC Park
716599,9/13/2023,Coors Field
716601,9/13/2023,Comerica Park
716594,9/13/2023,Rogers Centre
716607,9/13/2023,Target Field
716598,9/13/2023,Guaranteed Rate Field
716592,9/13/2023,American Family Field
716597,9/13/2023,Fenway Park
716589,9/13/2023,Dodger Stadium
716596,9/13/2023,Minute Maid Park
716605,9/13/2023,Oracle Park
716595,9/13/2023,Citi Field
716591,9/14/2023,PNC Park
716580,9/14/2023,Guaranteed Rate Field
716586,9/14/2023,Oriole Park at Camden Yards
716585,9/14/2023,American Family Field
716581,9/14/2023,Coors Field
716587,9/14/2023,Rogers Centre
716588,9/14/2023,Citi Field
716584,9/14/2023,Comerica Park
716593,9/14/2023,Fenway Park
716582,9/15/2023,loanDepot park
716571,9/15/2023,Coors Field
716574,9/15/2023,Citi Field
716569,9/15/2023,Oakland Coliseum
716583,9/15/2023,Oriole Park at Camden Yards
716573,9/15/2023,Guaranteed Rate Field
716568,9/15/2023,T-Mobile Park
716572,9/15/2023,Busch Stadium
716575,9/15/2023,Progressive Field
716576,9/15/2023,Rogers Centre
716577,9/15/2023,Kauffman Stadium
716578,9/15/2023,American Family Field
716567,9/15/2023,Chase Field
716570,9/15/2023,Angel Stadium
716579,9/15/2023,PNC Park
716561,9/16/2023,Oriole Park at Camden Yards
716556,9/16/2023,Guaranteed Rate Field
716566,9/16/2023,Rogers Centre
716550,9/16/2023,Coors Field
716564,9/16/2023,Oakland Coliseum
716557,9/16/2023,Busch Stadium
716562,9/16/2023,Progressive Field
716559,9/16/2023,American Family Field
716560,9/16/2023,Kauffman Stadium
716552,9/16/2023,T-Mobile Park
716563,9/16/2023,PNC Park
716565,9/16/2023,loanDepot park
716558,9/16/2023,Chase Field
716554,9/16/2023,Angel Stadium
716555,9/16/2023,Citi Field
716553,9/17/2023,Oriole Park at Camden Yards
716542,9/17/2023,Guaranteed Rate Field
716545,9/17/2023,Citi Field
716537,9/17/2023,T-Mobile Park
716546,9/17/2023,loanDepot park
716540,9/17/2023,Coors Field
716536,9/17/2023,Chase Field
716549,9/17/2023,Progressive Field
716548,9/17/2023,Rogers Centre
716551,9/17/2023,PNC Park
716544,9/17/2023,Angel Stadium
716543,9/17/2023,American Family Field
716541,9/17/2023,Busch Stadium
716547,9/17/2023,Kauffman Stadium
716538,9/17/2023,Oakland Coliseum
716530,9/18/2023,Minute Maid Park
716527,9/18/2023,Oakland Coliseum
716532,9/18/2023,Truist Park
716526,9/18/2023,Petco Park
716531,9/18/2023,Busch Stadium
716535,9/18/2023,loanDepot park
716529,9/18/2023,Kauffman Stadium
716539,9/18/2023,Nationals Park
716533,9/18/2023,Globe Life Field
716528,9/18/2023,Dodger Stadium
716534,9/18/2023,Great American Ball Park
716515,9/19/2023,Busch Stadium
716524,9/19/2023,Tropicana Field
716521,9/19/2023,Truist Park
716525,9/19/2023,Nationals Park
716522,9/19/2023,Great American Ball Park
716511,9/19/2023,Chase Field
716510,9/19/2023,Dodger Stadium
716516,9/19/2023,Petco Park
716520,9/19/2023,Yankee Stadium
716514,9/19/2023,Minute Maid Park
716512,9/19/2023,Oakland Coliseum
716519,9/19/2023,Globe Life Field
716517,9/19/2023,Kauffman Stadium
716518,9/19/2023,Wrigley Field
716523,9/19/2023,loanDepot park
716505,9/20/2023,Kauffman Stadium
716502,9/20/2023,Yankee Stadium
716504,9/20/2023,Oakland Coliseum
716506,9/20/2023,Great American Ball Park
716508,9/20/2023,Minute Maid Park
716495,9/20/2023,Busch Stadium
716497,9/20/2023,Wrigley Field
716500,9/20/2023,Petco Park
716513,9/20/2023,Nationals Park
716503,9/20/2023,loanDepot park
716499,9/20/2023,Chase Field
716501,9/20/2023,Tropicana Field
716509,9/20/2023,Truist Park
716494,9/20/2023,Dodger Stadium
716507,9/20/2023,Globe Life Field
716498,9/21/2023,Tropicana Field
716489,9/21/2023,Progressive Field
716496,9/21/2023,Nationals Park
716484,9/21/2023,Dodger Stadium
716493,9/21/2023,Wrigley Field
716490,9/21/2023,Citizens Bank Park
716491,9/21/2023,Busch Stadium
716488,9/21/2023,Oakland Coliseum
716492,9/21/2023,Yankee Stadium
716486,9/22/2023,Wrigley Field
716480,9/22/2023,Yankee Stadium
716481,9/22/2023,Citizens Bank Park
716483,9/22/2023,Progressive Field
716478,9/22/2023,Fenway Park
716485,9/22/2023,Nationals Park
716474,9/22/2023,Dodger Stadium
716479,9/22/2023,Tropicana Field
716487,9/22/2023,Great American Ball Park
716475,9/22/2023,Target Field
716473,9/22/2023,Minute Maid Park
716476,9/22/2023,Petco Park
716477,9/22/2023,Globe Life Field
716482,9/22/2023,loanDepot park
716472,9/22/2023,Oakland Coliseum
716462,9/23/2023,Great American Ball Park
716464,9/23/2023,Progressive Field
716460,9/23/2023,loanDepot park
716471,9/23/2023,Yankee Stadium
716456,9/23/2023,Dodger Stadium
716463,9/23/2023,Tropicana Field
716466,9/23/2023,Citizens Bank Park
716469,9/23/2023,Wrigley Field
716470,9/23/2023,Oakland Coliseum
716467,9/23/2023,Nationals Park
716461,9/23/2023,Globe Life Field
716457,9/23/2023,Petco Park
716468,9/23/2023,Fenway Park
716455,9/23/2023,Minute Maid Park
716465,9/23/2023,Target Field
716448,9/24/2023,Minute Maid Park
716459,9/24/2023,Nationals Park
716453,9/24/2023,Fenway Park
716458,9/24/2023,Yankee Stadium
716454,9/24/2023,Citizens Bank Park
716452,9/24/2023,Tropicana Field
716451,9/24/2023,Great American Ball Park
716450,9/24/2023,Progressive Field
716439,9/24/2023,Dodger Stadium
716449,9/24/2023,Wrigley Field
716447,9/24/2023,loanDepot park
716444,9/24/2023,Petco Park
716446,9/24/2023,Globe Life Field
716445,9/24/2023,Target Field
716442,9/24/2023,Oakland Coliseum
716440,9/25/2023,Angel Stadium
716443,9/25/2023,Guaranteed Rate Field
716441,9/25/2023,Oracle Park
716436,9/25/2023,T-Mobile Park
716424,9/26/2023,Coors Field
716435,9/26/2023,Progressive Field
716425,9/26/2023,T-Mobile Park
716431,9/26/2023,Rogers Centre
716430,9/26/2023,Citi Field
716427,9/26/2023,Guaranteed Rate Field
716438,9/26/2023,Coors Field
716432,9/26/2023,Citizens Bank Park
716433,9/26/2023,Comerica Park
716437,9/26/2023,Oracle Park
716428,9/26/2023,Fenway Park
716429,9/26/2023,Truist Park
716421,9/26/2023,Target Field
716434,9/26/2023,Oriole Park at Camden Yards
716423,9/26/2023,American Family Field
716422,9/26/2023,Angel Stadium
716417,9/27/2023,Guaranteed Rate Field
716414,9/27/2023,Comerica Park
716407,9/27/2023,T-Mobile Park
716426,9/27/2023,Oracle Park
716413,9/27/2023,Rogers Centre
716420,9/27/2023,Angel Stadium
716410,9/27/2023,Target Field
716411,9/27/2023,Citi Field
716406,9/27/2023,Coors Field
716418,9/27/2023,Progressive Field
716412,9/27/2023,Truist Park
716419,9/27/2023,Fenway Park
716415,9/27/2023,Citizens Bank Park
716416,9/27/2023,Oriole Park at Camden Yards
716408,9/27/2023,American Family Field
716402,9/28/2023,Oriole Park at Camden Yards
716403,9/28/2023,Rogers Centre
716405,9/28/2023,Coors Field
716396,9/28/2023,American Family Field
716404,9/28/2023,Citi Field
716409,9/28/2023,Citizens Bank Park
716397,9/28/2023,T-Mobile Park
716399,9/28/2023,Truist Park
716400,9/28/2023,Target Field
716401,9/28/2023,Comerica Park
716388,9/29/2023,Busch Stadium
716384,9/29/2023,Chase Field
716385,9/29/2023,American Family Field
716391,9/29/2023,Guaranteed Rate Field
716389,9/29/2023,Kauffman Stadium
716390,9/29/2023,Oriole Park at Camden Yards
716382,9/29/2023,Oracle Park
716398,9/29/2023,PNC Park
716392,9/29/2023,Rogers Centre
716393,9/29/2023,Citi Field
716387,9/29/2023,Coors Field
716394,9/29/2023,Truist Park
716386,9/29/2023,Angel Stadium
716395,9/29/2023,Comerica Park
716379,9/29/2023,T-Mobile Park
716383,9/30/2023,Rogers Centre
716380,9/30/2023,Comerica Park
716371,9/30/2023,Angel Stadium
716378,9/30/2023,PNC Park
716369,9/30/2023,Truist Park
716377,9/30/2023,Oriole Park at Camden Yards
716368,9/30/2023,Coors Field
716372,9/30/2023,Busch Stadium
716373,9/30/2023,American Family Field
716376,9/30/2023,Citi Field
716375,9/30/2023,Kauffman Stadium
716374,9/30/2023,Guaranteed Rate Field
716366,9/30/2023,T-Mobile Park
716381,9/30/2023,Oracle Park
716370,9/30/2023,Chase Field
716360,10/1/2023,T-Mobile Park
716364,10/1/2023,American Family Field
716356,10/1/2023,Guaranteed Rate Field
716353,10/1/2023,Busch Stadium
716365,10/1/2023,Angel Stadium
716357,10/1/2023,Rogers Centre
716362,10/1/2023,PNC Park
716358,10/1/2023,Chase Field
716367,10/1/2023,Oriole Park at Camden Yards
716363,10/1/2023,Oracle Park
716352,10/1/2023,Kauffman Stadium
716361,10/1/2023,Comerica Park
716354,10/1/2023,Truist Park
716355,10/1/2023,Citi Field
716359,10/1/2023,Coors Field
748577,10/3/2023,Citizens Bank Park
748585,10/3/2023,Target Field
748582,10/3/2023,American Family Field
748581,10/3/2023,Tropicana Field
748578,10/4/2023,American Family Field
748575,10/4/2023,Citizens Bank Park
748583,10/4/2023,Target Field
748580,10/4/2023,Tropicana Field
748568,10/7/2023,Minute Maid Park
748555,10/7/2023,Dodger Stadium
748573,10/7/2023,Oriole Park at Camden Yards
748562,10/7/2023,Truist Park
748565,10/8/2023,Minute Maid Park
748569,10/8/2023,Oriole Park at Camden Yards
748556,10/9/2023,Dodger Stadium
748563,10/9/2023,Truist Park
748567,10/10/2023,Target Field
748572,10/10/2023,Globe Life Field
748557,10/11/2023,Chase Field
748564,10/11/2023,Citizens Bank Park
748566,10/11/2023,Target Field
748561,10/12/2023,Citizens Bank Park
748553,10/15/2023,Minute Maid Park
748543,10/16/2023,Citizens Bank Park
748548,10/16/2023,Minute Maid Park
748546,10/17/2023,Citizens Bank Park
748552,10/18/2023,Globe Life Field
748551,10/19/2023,Globe Life Field
748545,10/19/2023,Chase Field
748544,10/20/2023,Chase Field
748550,10/20/2023,Globe Life Field
748538,10/21/2023,Chase Field
748549,10/22/2023,Minute Maid Park
748539,10/23/2023,Citizens Bank Park
748547,10/23/2023,Minute Maid Park
748537,10/24/2023,Citizens Bank Park
748579,10/5/2023,Tropicana Field
748584,10/5/2023,Target Field
748558,10/12/2023,Chase Field
748571,10/11/2023,Globe Life Field
748559,10/14/2023,Dodger Stadium
748560,10/13/2023,Minute Maid Park
748541,10/28/2023,Globe Life Field
748540,10/30/2023,Chase Field
748533,11/3/2023,Globe Life Field
748542,10/27/2023,Globe Life Field
748554,10/14/2023,Truist Park
748576,10/5/2023,American Family Field
748574,10/5/2023,Citizens Bank Park
748570,10/13/2023,Oriole Park at Camden Yards
748535,10/31/2023,Chase Field
748534,11/1/2023,Chase Field
748536,11/4/2023,Globe Life Field
